{"cameraMode":{"drawMode":0,"name":"Shaded","section":"Shading Mode"},"sceneLighting":true,"audioPlay":false,"sceneViewState":{"showFog":true,"showMaterialUpdate":true,"showSkybox":true,"showFlares":true,"showImageEffects":true,"showParticleSystems":true},"in2DMode":false,"pivot":{"x":-512.0386962890625,"y":-0.29238176345825198,"z":96.90921020507813},"rotation":{"x":0.18920999765396119,"y":-0.5892559289932251,"z":0.1443837434053421,"w":0.7721160054206848},"size":11.877891540527344,"orthographic":false}