{"cameraMode":{"drawMode":0,"name":"Shaded","section":"Shading Mode"},"sceneLighting":false,"audioPlay":false,"sceneViewState":{"showFog":true,"showMaterialUpdate":true,"showSkybox":true,"showFlares":true,"showImageEffects":true,"showParticleSystems":true},"in2DMode":false,"pivot":{"x":-0.013348221778869629,"y":1.705040454864502,"z":-1.2497444152832032},"rotation":{"x":0.0770135149359703,"y":-0.09533708542585373,"z":0.007397620007395744,"w":0.9924339652061462},"size":2.8937063217163088,"orthographic":false}