{"cameraMode":{"drawMode":0,"name":"Shaded","section":"Shading Mode"},"sceneLighting":false,"audioPlay":false,"sceneViewState":{"showFog":true,"showMaterialUpdate":true,"showSkybox":true,"showFlares":true,"showImageEffects":true,"showParticleSystems":true},"in2DMode":false,"pivot":{"x":0.04999995231628418,"y":2.197999954223633,"z":1.309999942779541},"rotation":{"x":-0.029415182769298555,"y":-0.9650761485099793,"z":0.12403618544340134,"w":-0.22886206209659577},"size":15.631174087524414,"orthographic":false}