{"cameraMode":{"drawMode":0,"name":"Shaded","section":"Shading Mode"},"sceneLighting":true,"audioPlay":false,"sceneViewState":{"showFog":true,"showMaterialUpdate":true,"showSkybox":true,"showFlares":true,"showImageEffects":true,"showParticleSystems":true},"in2DMode":false,"pivot":{"x":133.80850219726563,"y":-0.6187572479248047,"z":210.15219116210938},"rotation":{"x":-0.2766845226287842,"y":-0.11206971108913422,"z":0.03250712901353836,"w":-0.953849732875824},"size":35.38507843017578,"orthographic":false}