{"cameraMode":{"drawMode":0,"name":"Shaded","section":"Shading Mode"},"sceneLighting":false,"audioPlay":false,"sceneViewState":{"showFog":true,"showMaterialUpdate":true,"showSkybox":true,"showFlares":true,"showImageEffects":true,"showParticleSystems":true},"in2DMode":false,"pivot":{"x":12.168929100036621,"y":-10.864749908447266,"z":4.6443939208984379},"rotation":{"x":-0.2798883318901062,"y":-0.13991300761699677,"z":0.04126885533332825,"w":-0.9488855600357056},"size":55.445316314697269,"orthographic":false}