{"cameraMode":{"drawMode":0,"name":"Shaded","section":"Shading Mode"},"sceneLighting":false,"audioPlay":false,"sceneViewState":{"showFog":true,"showMaterialUpdate":true,"showSkybox":true,"showFlares":true,"showImageEffects":true,"showParticleSystems":true},"in2DMode":false,"pivot":{"x":-0.24600976705551148,"y":0.24199795722961427,"z":-0.7530576586723328},"rotation":{"x":0.044901516288518909,"y":-0.9443711042404175,"z":0.2915339469909668,"w":0.14544831216335298},"size":3.186997413635254,"orthographic":false}