{"cameraMode":{"drawMode":0,"name":"Shaded","section":"Shading Mode"},"sceneLighting":false,"audioPlay":false,"sceneViewState":{"showFog":true,"showMaterialUpdate":true,"showSkybox":true,"showFlares":true,"showImageEffects":true,"showParticleSystems":true},"in2DMode":false,"pivot":{"x":0.0,"y":1.457668662071228,"z":-0.0007040500640869141},"rotation":{"x":0.30721741914749148,"y":-0.6346942186355591,"z":0.3044999837875366,"w":0.6403597593307495},"size":6.202507495880127,"orthographic":false}