{"cameraMode":{"drawMode":0,"name":"Shaded","section":"Shading Mode"},"sceneLighting":false,"audioPlay":false,"sceneViewState":{"showFog":true,"showMaterialUpdate":true,"showSkybox":true,"showFlares":true,"showImageEffects":true,"showParticleSystems":true},"in2DMode":false,"pivot":{"x":3.092068672180176,"y":-0.12193846702575684,"z":1.3284564018249512},"rotation":{"x":-0.14835290610790254,"y":-0.5623248815536499,"z":0.10338546335697174,"w":-0.8069037795066834},"size":10.82619571685791,"orthographic":false}