{"cameraMode":{"drawMode":0,"name":"Shaded","section":"Shading Mode"},"sceneLighting":true,"audioPlay":false,"sceneViewState":{"showFog":true,"showMaterialUpdate":true,"showSkybox":true,"showFlares":true,"showImageEffects":true,"showParticleSystems":true},"in2DMode":false,"pivot":{"x":25.6200008392334,"y":20.049999237060548,"z":-1.5399999618530274},"rotation":{"x":0.009087823331356049,"y":-0.9906567931175232,"z":0.1068548709154129,"w":0.08425283432006836},"size":22.0,"orthographic":false}