{"cameraMode":{"drawMode":0,"name":"Shaded","section":"Shading Mode"},"sceneLighting":true,"audioPlay":false,"sceneViewState":{"showFog":true,"showMaterialUpdate":true,"showSkybox":true,"showFlares":true,"showImageEffects":true,"showParticleSystems":true},"in2DMode":false,"pivot":{"x":-10.444470405578614,"y":-11.970030784606934,"z":34.26972198486328},"rotation":{"x":0.3354301452636719,"y":-0.5061559677124023,"z":0.22258611023426057,"w":0.7627444267272949},"size":44.68892288208008,"orthographic":false}