{"cameraMode":{"drawMode":0,"name":"Shaded","section":"Shading Mode"},"sceneLighting":false,"audioPlay":false,"sceneViewState":{"showFog":true,"showMaterialUpdate":true,"showSkybox":true,"showFlares":true,"showImageEffects":true,"showParticleSystems":true},"in2DMode":false,"pivot":{"x":0.15097466111183167,"y":-0.5627222061157227,"z":1.6977357864379883},"rotation":{"x":-0.2786102294921875,"y":0.0030909765046089889,"z":-0.0008952851640060544,"w":-0.9603989124298096},"size":3.551621675491333,"orthographic":false}