{"cameraMode":{"drawMode":0,"name":"Shaded","section":"Shading Mode"},"sceneLighting":false,"audioPlay":false,"sceneViewState":{"showFog":true,"showMaterialUpdate":true,"showSkybox":true,"showFlares":true,"showImageEffects":true,"showParticleSystems":true},"in2DMode":false,"pivot":{"x":1.8149995803833008,"y":4.897850036621094,"z":1.830000877380371},"rotation":{"x":-0.04650744050741196,"y":-0.9534910321235657,"z":0.20954573154449464,"w":-0.21161891520023347},"size":40.41201400756836,"orthographic":false}