{"cameraMode":{"drawMode":0,"name":"Shaded","section":"Shading Mode"},"sceneLighting":true,"audioPlay":false,"sceneViewState":{"showFog":true,"showMaterialUpdate":true,"showSkybox":true,"showFlares":true,"showImageEffects":true,"showParticleSystems":true},"in2DMode":false,"pivot":{"x":41.281822204589847,"y":-5.721438407897949,"z":-167.40411376953126},"rotation":{"x":-0.14214225113391877,"y":0.052539438009262088,"z":-0.007556069176644087,"w":-0.9884220361709595},"size":25.100879669189454,"orthographic":false}