{"cameraMode":{"drawMode":0,"name":"Shaded","section":"Shading Mode"},"sceneLighting":false,"audioPlay":false,"sceneViewState":{"showFog":true,"showMaterialUpdate":true,"showSkybox":true,"showFlares":true,"showImageEffects":true,"showParticleSystems":true},"in2DMode":false,"pivot":{"x":-2.785083770751953,"y":-1.1855545043945313,"z":5.464664459228516},"rotation":{"x":0.20091021060943604,"y":-0.19359900057315827,"z":0.04053940623998642,"w":0.9594327807426453},"size":13.756443977355957,"orthographic":false}