{"cameraMode":{"drawMode":0,"name":"Shaded","section":"Shading Mode"},"sceneLighting":false,"audioPlay":false,"sceneViewState":{"showFog":true,"showMaterialUpdate":true,"showSkybox":true,"showFlares":true,"showImageEffects":true,"showParticleSystems":true},"in2DMode":false,"pivot":{"x":-0.8883368372917175,"y":-0.18744182586669923,"z":8.131608963012696},"rotation":{"x":0.11613571643829346,"y":-0.0014899790985509754,"z":0.00017428045975975692,"w":0.9932326078414917},"size":38.43901443481445,"orthographic":false}