{"cameraMode":{"drawMode":0,"name":"Shaded","section":"Shading Mode"},"sceneLighting":false,"audioPlay":false,"sceneViewState":{"showFog":true,"showMaterialUpdate":true,"showSkybox":true,"showFlares":true,"showImageEffects":true,"showParticleSystems":true},"in2DMode":false,"pivot":{"x":2.0658864974975588,"y":1.0202655792236329,"z":0.26325488090515139},"rotation":{"x":-0.3017198145389557,"y":-0.6037381291389465,"z":0.26443302631378176,"w":-0.6888691782951355},"size":12.447670936584473,"orthographic":false}