{"cameraMode":{"drawMode":0,"name":"Shaded","section":"Shading Mode"},"sceneLighting":false,"audioPlay":false,"sceneViewState":{"showFog":true,"showMaterialUpdate":true,"showSkybox":true,"showFlares":true,"showImageEffects":true,"showParticleSystems":true},"in2DMode":false,"pivot":{"x":-0.00038379430770874023,"y":1.7776739597320557,"z":0.07517802715301514},"rotation":{"x":0.30721741914749148,"y":-0.6346942186355591,"z":0.3044999837875366,"w":0.6403597593307495},"size":7.088957786560059,"orthographic":false}