{"cameraMode":{"drawMode":0,"name":"Shaded","section":"Shading Mode"},"sceneLighting":true,"audioPlay":false,"sceneViewState":{"showFog":true,"showMaterialUpdate":true,"showSkybox":true,"showFlares":true,"showImageEffects":true,"showParticleSystems":true},"in2DMode":false,"pivot":{"x":0.809999942779541,"y":0.17599999904632569,"z":13.416999816894532},"rotation":{"x":0.1513083130121231,"y":-0.7876722812652588,"z":0.21370822191238404,"w":0.5576800107955933},"size":22.0,"orthographic":false}