{"cameraMode":{"drawMode":0,"name":"Shaded","section":"Shading Mode"},"sceneLighting":false,"audioPlay":false,"sceneViewState":{"showFog":true,"showMaterialUpdate":true,"showSkybox":true,"showFlares":true,"showImageEffects":true,"showParticleSystems":true},"in2DMode":false,"pivot":{"x":8.167657852172852,"y":-1.8698501586914063,"z":2.771543502807617},"rotation":{"x":-0.12934327125549317,"y":0.7782858610153198,"z":-0.5903052687644959,"w":-0.17053183913230897},"size":30.086772918701173,"orthographic":false}