{"cameraMode":{"drawMode":0,"name":"Shaded","section":"Shading Mode"},"sceneLighting":false,"audioPlay":false,"sceneViewState":{"showFog":true,"showMaterialUpdate":true,"showSkybox":true,"showFlares":true,"showImageEffects":true,"showParticleSystems":true},"in2DMode":false,"pivot":{"x":-0.9200010895729065,"y":1.3839999437332154,"z":-1.1920928955078126e-7},"rotation":{"x":-0.13923636078834535,"y":0.04310761019587517,"z":-0.00606771232560277,"w":-0.989301860332489},"size":8.0020751953125,"orthographic":false}