{"cameraMode":{"drawMode":0,"name":"Shaded","section":"Shading Mode"},"sceneLighting":false,"audioPlay":false,"sceneViewState":{"showFog":true,"showMaterialUpdate":true,"showSkybox":true,"showFlares":true,"showImageEffects":true,"showParticleSystems":true},"in2DMode":false,"pivot":{"x":0.615492582321167,"y":-1.1197175979614258,"z":-1.358367919921875},"rotation":{"x":0.023041142150759698,"y":-0.943545937538147,"z":0.32353463768959048,"w":0.06719838082790375},"size":37.30939483642578,"orthographic":false}