{"cameraMode":{"drawMode":0,"name":"Shaded","section":"Shading Mode"},"sceneLighting":false,"audioPlay":false,"sceneViewState":{"showFog":true,"showMaterialUpdate":true,"showSkybox":true,"showFlares":true,"showImageEffects":true,"showParticleSystems":true},"in2DMode":false,"pivot":{"x":-1.8171637058258057,"y":4.325167655944824,"z":0.47347697615623476},"rotation":{"x":0.23915985226631165,"y":0.6110634803771973,"z":0.20092768967151643,"w":-0.7273514866828919},"size":3.7708771228790285,"orthographic":false}