{"cameraMode":{"drawMode":0,"name":"Shaded","section":"Shading Mode"},"sceneLighting":true,"audioPlay":false,"sceneViewState":{"showFog":true,"showMaterialUpdate":true,"showSkybox":true,"showFlares":true,"showImageEffects":true,"showParticleSystems":true},"in2DMode":false,"pivot":{"x":1.574939250946045,"y":0.9799449443817139,"z":-5.855644226074219},"rotation":{"x":0.007747448515146971,"y":-0.7870997190475464,"z":-0.00988710392266512,"w":-0.6166978478431702},"size":3.7372548580169679,"orthographic":false}