{"cameraMode":{"drawMode":0,"name":"Shaded","section":"Shading Mode"},"sceneLighting":false,"audioPlay":false,"sceneViewState":{"showFog":true,"showMaterialUpdate":true,"showSkybox":true,"showFlares":true,"showImageEffects":true,"showParticleSystems":true},"in2DMode":false,"pivot":{"x":0.011908560991287232,"y":0.418399453163147,"z":-0.004748225212097168},"rotation":{"x":0.14218372106552125,"y":-0.6326639652252197,"z":0.1196499913930893,"w":0.7518005967140198},"size":9.40675163269043,"orthographic":false}