{"cameraMode":{"drawMode":0,"name":"Shaded","section":"Shading Mode"},"sceneLighting":false,"audioPlay":false,"sceneViewState":{"showFog":true,"showMaterialUpdate":true,"showSkybox":true,"showFlares":true,"showImageEffects":true,"showParticleSystems":true},"in2DMode":false,"pivot":{"x":14.848688125610352,"y":-0.703669548034668,"z":0.09189748764038086},"rotation":{"x":-0.12813709676265717,"y":-0.7096819877624512,"z":0.13378238677978517,"w":-0.6797313690185547},"size":19.58431625366211,"orthographic":false}