{"cameraMode":{"drawMode":0,"name":"Shaded","section":"Shading Mode"},"sceneLighting":true,"audioPlay":false,"sceneViewState":{"showFog":true,"showMaterialUpdate":true,"showSkybox":true,"showFlares":true,"showImageEffects":true,"showParticleSystems":true},"in2DMode":false,"pivot":{"x":0.6272228360176086,"y":0.7712950110435486,"z":-0.9215049743652344},"rotation":{"x":-0.14681319892406465,"y":0.7670456171035767,"z":-0.18919359147548676,"w":-0.595224916934967},"size":3.8801519870758058,"orthographic":false}