{"cameraMode":{"drawMode":0,"name":"Shaded","section":"Shading Mode"},"sceneLighting":false,"audioPlay":false,"sceneViewState":{"showFog":true,"showMaterialUpdate":true,"showSkybox":true,"showFlares":true,"showImageEffects":true,"showParticleSystems":true},"in2DMode":false,"pivot":{"x":-0.29530006647109988,"y":1.9344284534454346,"z":0.0057999491691589359},"rotation":{"x":-0.0808173343539238,"y":0.6860802173614502,"z":-0.0771278589963913,"w":-0.7188977003097534},"size":5.763571739196777,"orthographic":false}