{"cameraMode":{"drawMode":0,"name":"Shaded","section":"Shading Mode"},"sceneLighting":false,"audioPlay":false,"sceneViewState":{"showFog":true,"showMaterialUpdate":true,"showSkybox":true,"showFlares":true,"showImageEffects":true,"showParticleSystems":true},"in2DMode":false,"pivot":{"x":-29.38442039489746,"y":-30.89954376220703,"z":46.63359069824219},"rotation":{"x":-0.21828393638134004,"y":0.4217580556869507,"z":-0.10537174344062805,"w":-0.8737099766731262},"size":81.12397003173828,"orthographic":false}