{"cameraMode":{"drawMode":0,"name":"Shaded","section":"Shading Mode"},"sceneLighting":false,"audioPlay":false,"sceneViewState":{"showFog":true,"showMaterialUpdate":true,"showSkybox":true,"showFlares":true,"showImageEffects":true,"showParticleSystems":true},"in2DMode":false,"pivot":{"x":-0.06424450874328613,"y":-0.1044309139251709,"z":-0.31260764598846438},"rotation":{"x":0.1854454129934311,"y":0.6977883577346802,"z":-0.1949256807565689,"w":0.663856565952301},"size":10.694567680358887,"orthographic":false}