{"cameraMode":{"drawMode":0,"name":"Shaded","section":"Shading Mode"},"sceneLighting":false,"audioPlay":false,"sceneViewState":{"showFog":true,"showMaterialUpdate":true,"showSkybox":true,"showFlares":true,"showImageEffects":true,"showParticleSystems":true},"in2DMode":false,"pivot":{"x":5.125707149505615,"y":-1.1532917022705079,"z":25.920055389404298},"rotation":{"x":0.14587527513504029,"y":-0.002967539709061384,"z":0.0004376285651233047,"w":0.9892984628677368},"size":60.547672271728519,"orthographic":false}