{"cameraMode":{"drawMode":0,"name":"Shaded","section":"Shading Mode"},"sceneLighting":false,"audioPlay":false,"sceneViewState":{"showFog":true,"showMaterialUpdate":true,"showSkybox":true,"showFlares":true,"showImageEffects":true,"showParticleSystems":true},"in2DMode":false,"pivot":{"x":-6.186737060546875,"y":0.1144086942076683,"z":-15.696288108825684},"rotation":{"x":0.005056704394519329,"y":0.8006430268287659,"z":-0.006759300362318754,"w":0.5990822315216065},"size":1.0002684593200684,"orthographic":false}