{"cameraMode":{"drawMode":0,"name":"Shaded","section":"Shading Mode"},"sceneLighting":false,"audioPlay":false,"sceneViewState":{"showFog":true,"showMaterialUpdate":true,"showSkybox":true,"showFlares":true,"showImageEffects":true,"showParticleSystems":true},"in2DMode":false,"pivot":{"x":-0.9200010895729065,"y":1.934000015258789,"z":-1.1920928955078126e-7},"rotation":{"x":-0.3370862603187561,"y":-0.004192566964775324,"z":0.0015005175955593587,"w":-0.9414632320404053},"size":8.0020751953125,"orthographic":false}