{"cameraMode":{"drawMode":0,"name":"Shaded","section":"Shading Mode"},"sceneLighting":false,"audioPlay":false,"sceneViewState":{"showFog":true,"showMaterialUpdate":true,"showSkybox":true,"showFlares":true,"showImageEffects":true,"showParticleSystems":true},"in2DMode":false,"pivot":{"x":2.732023239135742,"y":7.422105312347412,"z":19.52967071533203},"rotation":{"x":-0.041959572583436969,"y":-0.0365612655878067,"z":0.0015364832943305374,"w":-0.9984490275382996},"size":60.05872344970703,"orthographic":false}