{"cameraMode":{"drawMode":0,"name":"Shaded","section":"Shading Mode"},"sceneLighting":false,"audioPlay":false,"sceneViewState":{"showFog":true,"showMaterialUpdate":true,"showSkybox":true,"showFlares":true,"showImageEffects":true,"showParticleSystems":true},"in2DMode":false,"pivot":{"x":0.19548702239990235,"y":0.897066593170166,"z":3.6805028915405275},"rotation":{"x":-0.01100862491875887,"y":0.44949209690093996,"z":-0.00553940748795867,"w":-0.893204927444458},"size":12.003111839294434,"orthographic":false}