{"cameraMode":{"drawMode":0,"name":"Shaded","section":"Shading Mode"},"sceneLighting":false,"audioPlay":false,"sceneViewState":{"showFog":true,"showMaterialUpdate":true,"showSkybox":true,"showFlares":true,"showImageEffects":true,"showParticleSystems":true},"in2DMode":false,"pivot":{"x":-96.86046600341797,"y":0.18770790100097657,"z":279.4337158203125},"rotation":{"x":0.1979977786540985,"y":0.1802213042974472,"z":-0.037062082439661029,"w":0.96277916431427},"size":75.19117736816406,"orthographic":false}