{"cameraMode":{"drawMode":0,"name":"Shaded","section":"Shading Mode"},"sceneLighting":true,"audioPlay":false,"sceneViewState":{"showFog":true,"showMaterialUpdate":true,"showSkybox":true,"showFlares":true,"showImageEffects":true,"showParticleSystems":true},"in2DMode":false,"pivot":{"x":31.96477699279785,"y":1.0451793670654297,"z":27.86565399169922},"rotation":{"x":0.2467784583568573,"y":-0.6825258135795593,"z":0.2653782367706299,"w":0.6346914768218994},"size":31.001140594482423,"orthographic":false}