{"cameraMode":{"drawMode":0,"name":"Shaded","section":"Shading Mode"},"sceneLighting":false,"audioPlay":false,"sceneViewState":{"showFog":true,"showMaterialUpdate":true,"showSkybox":true,"showFlares":true,"showImageEffects":true,"showParticleSystems":true},"in2DMode":false,"pivot":{"x":-1.2723093032836915,"y":-0.437274694442749,"z":-6.934623718261719},"rotation":{"x":-0.045089155435562137,"y":-0.18964891135692597,"z":0.00871941726654768,"w":-0.9807774424552918},"size":14.25027084350586,"orthographic":false}