{"cameraMode":{"drawMode":0,"name":"Shaded","section":"Shading Mode"},"sceneLighting":true,"audioPlay":false,"sceneViewState":{"showFog":true,"showMaterialUpdate":true,"showSkybox":true,"showFlares":true,"showImageEffects":true,"showParticleSystems":true},"in2DMode":false,"pivot":{"x":-12.636761665344239,"y":-2.1149392127990724,"z":9.649776458740235},"rotation":{"x":0.10731731355190277,"y":-0.45367634296417239,"z":0.05514148250222206,"w":0.8829610347747803},"size":35.7027702331543,"orthographic":false}