{"cameraMode":{"drawMode":0,"name":"Shaded","section":"Shading Mode"},"sceneLighting":false,"audioPlay":false,"sceneViewState":{"showFog":true,"showMaterialUpdate":true,"showSkybox":true,"showFlares":true,"showImageEffects":true,"showParticleSystems":true},"in2DMode":false,"pivot":{"x":-4.05272912979126,"y":-0.8949747085571289,"z":0.7732451558113098},"rotation":{"x":-0.14404115080833436,"y":0.6279332041740418,"z":-0.11973533779382706,"w":-0.7553910613059998},"size":6.327022552490234,"orthographic":false}