{"cameraMode":{"drawMode":0,"name":"Shaded","section":"Shading Mode"},"sceneLighting":true,"audioPlay":false,"sceneViewState":{"showFog":true,"showMaterialUpdate":true,"showSkybox":true,"showFlares":true,"showImageEffects":true,"showParticleSystems":true},"in2DMode":false,"pivot":{"x":0.809999942779541,"y":0.17599999904632569,"z":13.416999816894532},"rotation":{"x":0.2899266481399536,"y":-0.4123949706554413,"z":0.14030571281909944,"w":0.8521662354469299},"size":22.0,"orthographic":false}