{"cameraMode":{"drawMode":0,"name":"Shaded","section":"Shading Mode"},"sceneLighting":false,"audioPlay":false,"sceneViewState":{"showFog":true,"showMaterialUpdate":true,"showSkybox":true,"showFlares":true,"showImageEffects":true,"showParticleSystems":true},"in2DMode":false,"pivot":{"x":-7.5786919593811039,"y":-0.150910884141922,"z":-15.863726615905762},"rotation":{"x":-0.05012756958603859,"y":0.4579334855079651,"z":-0.025873051956295968,"w":-0.8871948719024658},"size":5.281609535217285,"orthographic":false}