{"cameraMode":{"drawMode":0,"name":"Shaded","section":"Shading Mode"},"sceneLighting":true,"audioPlay":false,"sceneViewState":{"showFog":true,"showMaterialUpdate":true,"showSkybox":true,"showFlares":true,"showImageEffects":true,"showParticleSystems":true},"in2DMode":false,"pivot":{"x":9.1006441116333,"y":8.277740478515625,"z":-1.8522891998291016},"rotation":{"x":0.26688501238822939,"y":-0.3307885229587555,"z":0.09810850769281388,"w":0.8998478055000305},"size":13.049513816833496,"orthographic":false}