{"cameraMode":{"drawMode":0,"name":"Shaded","section":"Shading Mode"},"sceneLighting":true,"audioPlay":false,"sceneViewState":{"showFog":true,"showMaterialUpdate":true,"showSkybox":true,"showFlares":true,"showImageEffects":true,"showParticleSystems":true},"in2DMode":false,"pivot":{"x":-3.727853775024414,"y":-2.642573356628418,"z":4.302862167358398},"rotation":{"x":0.2062111347913742,"y":-0.3806855082511902,"z":0.08749879896640778,"w":0.8971619606018066},"size":40.98066711425781,"orthographic":false}