{"cameraMode":{"drawMode":0,"name":"Shaded","section":"Shading Mode"},"sceneLighting":false,"audioPlay":false,"sceneViewState":{"showFog":true,"showMaterialUpdate":true,"showSkybox":true,"showFlares":true,"showImageEffects":true,"showParticleSystems":true},"in2DMode":false,"pivot":{"x":4.21685266494751,"y":0.35943514108657839,"z":-0.816726565361023},"rotation":{"x":0.018836859613656999,"y":-0.7376822829246521,"z":0.02059684507548809,"w":0.6745709180831909},"size":2.2386512756347658,"orthographic":false}