{"cameraMode":{"drawMode":0,"name":"Shaded","section":"Shading Mode"},"sceneLighting":true,"audioPlay":false,"sceneViewState":{"showFog":true,"showMaterialUpdate":true,"showSkybox":true,"showFlares":true,"showImageEffects":true,"showParticleSystems":true},"in2DMode":false,"pivot":{"x":0.809999942779541,"y":0.17599999904632569,"z":13.416999816894532},"rotation":{"x":0.058232132345438007,"y":-0.6868883967399597,"z":0.055375903844833377,"w":0.7223066687583923},"size":22.0,"orthographic":false}