{"cameraMode":{"drawMode":0,"name":"Shaded","section":"Shading Mode"},"sceneLighting":false,"audioPlay":false,"sceneViewState":{"showFog":true,"showMaterialUpdate":true,"showSkybox":true,"showFlares":true,"showImageEffects":true,"showParticleSystems":true},"in2DMode":false,"pivot":{"x":27.009973526000978,"y":-24.75196075439453,"z":8.63010025024414},"rotation":{"x":0.3638332188129425,"y":0.3083329200744629,"z":-0.12902957201004029,"w":0.8694294691085815},"size":74.89002227783203,"orthographic":false}