{"cameraMode":{"drawMode":0,"name":"Shaded","section":"Shading Mode"},"sceneLighting":false,"audioPlay":false,"sceneViewState":{"showFog":true,"showMaterialUpdate":true,"showSkybox":true,"showFlares":true,"showImageEffects":true,"showParticleSystems":true},"in2DMode":false,"pivot":{"x":4.125682830810547,"y":-0.228745698928833,"z":-2.5798823833465578},"rotation":{"x":-0.07970674335956574,"y":-0.8286794424057007,"z":0.12223369628190994,"w":-0.5403704047203064},"size":9.803037643432618,"orthographic":false}