{"cameraMode":{"drawMode":0,"name":"Shaded","section":"Shading Mode"},"sceneLighting":false,"audioPlay":false,"sceneViewState":{"showFog":true,"showMaterialUpdate":true,"showSkybox":true,"showFlares":true,"showImageEffects":true,"showParticleSystems":true},"in2DMode":false,"pivot":{"x":11.676215171813965,"y":-15.833345413208008,"z":-8.784770965576172},"rotation":{"x":-0.42081427574157717,"y":-0.5787808895111084,"z":0.47946545481681826,"w":-0.5079774260520935},"size":44.151222229003909,"orthographic":false}