{"cameraMode":{"drawMode":0,"name":"Shaded","section":"Shading Mode"},"sceneLighting":true,"audioPlay":false,"sceneViewState":{"showFog":true,"showMaterialUpdate":true,"showSkybox":true,"showFlares":true,"showImageEffects":true,"showParticleSystems":true},"in2DMode":false,"pivot":{"x":2.2531604766845705,"y":2.7485461235046388,"z":-11.395764350891114},"rotation":{"x":0.22016528248786927,"y":0.08765667676925659,"z":-0.019862955436110498,"w":0.9713237285614014},"size":2.650855302810669,"orthographic":false}