{"cameraMode":{"drawMode":0,"name":"Shaded","section":"Shading Mode"},"sceneLighting":true,"audioPlay":false,"sceneViewState":{"showFog":true,"showMaterialUpdate":true,"showSkybox":true,"showFlares":true,"showImageEffects":true,"showParticleSystems":true},"in2DMode":false,"pivot":{"x":0.809999942779541,"y":0.17599999904632569,"z":13.416999816894532},"rotation":{"x":-0.1656494140625,"y":0.548866868019104,"z":-0.11202031373977661,"w":-0.8116384148597717},"size":8.549408912658692,"orthographic":false}