{"cameraMode":{"drawMode":0,"name":"Shaded","section":"Shading Mode"},"sceneLighting":false,"audioPlay":false,"sceneViewState":{"showFog":true,"showMaterialUpdate":true,"showSkybox":true,"showFlares":true,"showImageEffects":true,"showParticleSystems":true},"in2DMode":false,"pivot":{"x":0.3058302402496338,"y":-0.022955000400543214,"z":-0.10620275139808655},"rotation":{"x":-0.2039482742547989,"y":-0.7679193615913391,"z":0.2951350212097168,"w":-0.5306602120399475},"size":0.9153803586959839,"orthographic":false}