{"cameraMode":{"drawMode":0,"name":"Shaded","section":"Shading Mode"},"sceneLighting":false,"audioPlay":false,"sceneViewState":{"showFog":true,"showMaterialUpdate":true,"showSkybox":true,"showFlares":true,"showImageEffects":true,"showParticleSystems":true},"in2DMode":false,"pivot":{"x":-2.6183698177337648,"y":0.22863009572029115,"z":-0.10621379315853119},"rotation":{"x":-0.1382545530796051,"y":-0.055595461279153827,"z":0.007774863392114639,"w":-0.9888045191764832},"size":1.2952935695648194,"orthographic":false}