{"cameraMode":{"drawMode":0,"name":"Shaded","section":"Shading Mode"},"sceneLighting":false,"audioPlay":false,"sceneViewState":{"showFog":true,"showMaterialUpdate":true,"showSkybox":true,"showFlares":true,"showImageEffects":true,"showParticleSystems":true},"in2DMode":false,"pivot":{"x":-17.84368896484375,"y":10.370011329650879,"z":2.7971835136413576},"rotation":{"x":0.1716991513967514,"y":0.7127764821052551,"z":-0.18719284236431123,"w":0.6537797451019287},"size":-12.625550270080567,"orthographic":false}