{"cameraMode":{"drawMode":0,"name":"Shaded","section":"Shading Mode"},"sceneLighting":false,"audioPlay":false,"sceneViewState":{"showFog":true,"showMaterialUpdate":true,"showSkybox":true,"showFlares":true,"showImageEffects":true,"showParticleSystems":true},"in2DMode":false,"pivot":{"x":-0.004822149872779846,"y":0.11958629637956619,"z":-0.021588556468486787},"rotation":{"x":-0.20670095086097718,"y":0.6548767685890198,"z":-0.19316069781780244,"w":-0.7007853388786316},"size":0.8061688542366028,"orthographic":false}