{"cameraMode":{"drawMode":0,"name":"Shaded","section":"Shading Mode"},"sceneLighting":false,"audioPlay":false,"sceneViewState":{"showFog":true,"showMaterialUpdate":true,"showSkybox":true,"showFlares":true,"showImageEffects":true,"showParticleSystems":true},"in2DMode":false,"pivot":{"x":-18.341732025146486,"y":-2.9048643112182619,"z":0.6284370422363281},"rotation":{"x":0.1003880426287651,"y":-0.892566442489624,"z":0.2458994835615158,"w":0.3643910884857178},"size":27.760541915893556,"orthographic":false}