{"cameraMode":{"drawMode":0,"name":"Shaded","section":"Shading Mode"},"sceneLighting":false,"audioPlay":false,"sceneViewState":{"showFog":true,"showMaterialUpdate":true,"showSkybox":true,"showFlares":true,"showImageEffects":true,"showParticleSystems":true},"in2DMode":false,"pivot":{"x":18.121440887451173,"y":-4.826963424682617,"z":13.478736877441407},"rotation":{"x":-0.1586998850107193,"y":-0.6771749258041382,"z":0.15308533608913423,"w":-0.7020066976547241},"size":50.7729377746582,"orthographic":false}