{"cameraMode":{"drawMode":0,"name":"Shaded","section":"Shading Mode"},"sceneLighting":false,"audioPlay":false,"sceneViewState":{"showFog":true,"showMaterialUpdate":true,"showSkybox":true,"showFlares":true,"showImageEffects":true,"showParticleSystems":true},"in2DMode":false,"pivot":{"x":-54.88316345214844,"y":-21.66231918334961,"z":25.408435821533204},"rotation":{"x":-0.17144547402858735,"y":0.6737168431282044,"z":-0.1651010811328888,"w":-0.6996096968650818},"size":134.53565979003907,"orthographic":false}