{"cameraMode":{"drawMode":0,"name":"Shaded","section":"Shading Mode"},"sceneLighting":false,"audioPlay":false,"sceneViewState":{"showFog":true,"showMaterialUpdate":true,"showSkybox":true,"showFlares":true,"showImageEffects":true,"showParticleSystems":true},"in2DMode":false,"pivot":{"x":-1.8466150760650635,"y":-8.877071380615235,"z":18.816123962402345},"rotation":{"x":0.19317284226417542,"y":0.005886916536837816,"z":-0.0011590294307097793,"w":0.9811464548110962},"size":50.7729377746582,"orthographic":false}