{"cameraMode":{"drawMode":0,"name":"Shaded","section":"Shading Mode"},"sceneLighting":false,"audioPlay":false,"sceneViewState":{"showFog":true,"showMaterialUpdate":true,"showSkybox":true,"showFlares":true,"showImageEffects":true,"showParticleSystems":true},"in2DMode":false,"pivot":{"x":4.653029441833496,"y":-0.07470321655273438,"z":-3.373168468475342},"rotation":{"x":0.09698978811502457,"y":0.8146716356277466,"z":-0.1427169293165207,"w":0.5536560416221619},"size":12.417109489440918,"orthographic":false}