{"cameraMode":{"drawMode":0,"name":"Shaded","section":"Shading Mode"},"sceneLighting":false,"audioPlay":false,"sceneViewState":{"showFog":true,"showMaterialUpdate":true,"showSkybox":true,"showFlares":true,"showImageEffects":true,"showParticleSystems":true},"in2DMode":false,"pivot":{"x":0.0279998779296875,"y":2.246000289916992,"z":-0.01905345916748047},"rotation":{"x":-0.1059236228466034,"y":-0.8574113249778748,"z":0.19572557508945466,"w":-0.464023232460022},"size":11.022165298461914,"orthographic":false}