{"cameraMode":{"drawMode":0,"name":"Shaded","section":"Shading Mode"},"sceneLighting":false,"audioPlay":false,"sceneViewState":{"showFog":true,"showMaterialUpdate":true,"showSkybox":true,"showFlares":true,"showImageEffects":true,"showParticleSystems":true},"in2DMode":false,"pivot":{"x":-25.57238006591797,"y":-11.214239120483399,"z":11.571486473083496},"rotation":{"x":-0.1790480613708496,"y":0.674818217754364,"z":-0.17398305237293244,"w":-0.6944724917411804},"size":59.516475677490237,"orthographic":false}