{"cameraMode":{"drawMode":0,"name":"Shaded","section":"Shading Mode"},"sceneLighting":false,"audioPlay":false,"sceneViewState":{"showFog":true,"showMaterialUpdate":true,"showSkybox":true,"showFlares":true,"showImageEffects":true,"showParticleSystems":true},"in2DMode":false,"pivot":{"x":-1.1623584032058716,"y":-0.07437622547149658,"z":0.2990688383579254},"rotation":{"x":-0.14563800394535066,"y":0.7174585461616516,"z":-0.15767082571983338,"w":-0.6627086400985718},"size":4.72467565536499,"orthographic":false}