{"cameraMode":{"drawMode":0,"name":"Shaded","section":"Shading Mode"},"sceneLighting":false,"audioPlay":false,"sceneViewState":{"showFog":true,"showMaterialUpdate":true,"showSkybox":true,"showFlares":true,"showImageEffects":true,"showParticleSystems":true},"in2DMode":false,"pivot":{"x":11.267255783081055,"y":2.45089054107666,"z":1.679137945175171},"rotation":{"x":-0.016967549920082094,"y":0.7320420145988464,"z":-0.018242038786411287,"w":-0.6808038353919983},"size":-3.161346435546875,"orthographic":false}