{"cameraMode":{"drawMode":0,"name":"Shaded","section":"Shading Mode"},"sceneLighting":false,"audioPlay":false,"sceneViewState":{"showFog":true,"showMaterialUpdate":true,"showSkybox":true,"showFlares":true,"showImageEffects":true,"showParticleSystems":true},"in2DMode":false,"pivot":{"x":-4.234615325927734,"y":3.0582470893859865,"z":-21.918960571289064},"rotation":{"x":0.1666896939277649,"y":-0.37075161933898928,"z":0.06782833486795426,"w":0.9111295938491821},"size":20.49921226501465,"orthographic":false}