{"cameraMode":{"drawMode":0,"name":"Shaded","section":"Shading Mode"},"sceneLighting":false,"audioPlay":false,"sceneViewState":{"showFog":true,"showMaterialUpdate":true,"showSkybox":true,"showFlares":true,"showImageEffects":true,"showParticleSystems":true},"in2DMode":false,"pivot":{"x":4.366652488708496,"y":-4.235706806182861,"z":-23.41246795654297},"rotation":{"x":-0.10471697896718979,"y":-0.843256413936615,"z":0.17792190611362458,"w":-0.49631622433662417},"size":19.25712776184082,"orthographic":false}