{"cameraMode":{"drawMode":0,"name":"Shaded","section":"Shading Mode"},"sceneLighting":false,"audioPlay":false,"sceneViewState":{"showFog":true,"showMaterialUpdate":true,"showSkybox":true,"showFlares":true,"showImageEffects":true,"showParticleSystems":true},"in2DMode":false,"pivot":{"x":0.0001614936045370996,"y":0.0005468977615237236,"z":0.00010795146226882935},"rotation":{"x":-0.13850031793117524,"y":-0.005899245385080576,"z":0.0008245034841820598,"w":-0.9903445243835449},"size":-0.38090091943740847,"orthographic":false}