{"cameraMode":{"drawMode":0,"name":"Shaded","section":"Shading Mode"},"sceneLighting":true,"audioPlay":false,"sceneViewState":{"showFog":true,"showMaterialUpdate":true,"showSkybox":true,"showFlares":true,"showImageEffects":true,"showParticleSystems":true},"in2DMode":false,"pivot":{"x":0.01724982261657715,"y":1.0850000381469727,"z":-4.6100006103515629},"rotation":{"x":-0.33827683329582217,"y":0.035778701305389407,"z":-0.012870927341282368,"w":-0.940278172492981},"size":40.98066711425781,"orthographic":false}