{"cameraMode":{"drawMode":0,"name":"Shaded","section":"Shading Mode"},"sceneLighting":false,"audioPlay":false,"sceneViewState":{"showFog":true,"showMaterialUpdate":true,"showSkybox":true,"showFlares":true,"showImageEffects":true,"showParticleSystems":true},"in2DMode":false,"pivot":{"x":5.316287517547607,"y":9.558649063110352,"z":0.0},"rotation":{"x":0.33412107825279238,"y":0.027668127790093423,"z":-0.009812332689762116,"w":0.942072868347168},"size":73.04270935058594,"orthographic":false}