{"cameraMode":{"drawMode":0,"name":"Shaded","section":"Shading Mode"},"sceneLighting":false,"audioPlay":false,"sceneViewState":{"showFog":true,"showMaterialUpdate":true,"showSkybox":true,"showFlares":true,"showImageEffects":true,"showParticleSystems":true},"in2DMode":false,"pivot":{"x":-2.802830219268799,"y":-3.0346031188964845,"z":6.023124694824219},"rotation":{"x":-0.27132630348205569,"y":-0.019932815805077554,"z":0.005618907976895571,"w":-0.9622645974159241},"size":43.682334899902347,"orthographic":false}