{"cameraMode":{"drawMode":0,"name":"Shaded","section":"Shading Mode"},"sceneLighting":false,"audioPlay":false,"sceneViewState":{"showFog":true,"showMaterialUpdate":true,"showSkybox":true,"showFlares":true,"showImageEffects":true,"showParticleSystems":true},"in2DMode":false,"pivot":{"x":-0.6560360789299011,"y":-1.1315627098083497,"z":4.056765556335449},"rotation":{"x":-0.2055068016052246,"y":0.055794455111026767,"z":-0.011736743152141571,"w":-0.9769934415817261},"size":6.824676990509033,"orthographic":false}