{"cameraMode":{"drawMode":0,"name":"Shaded","section":"Shading Mode"},"sceneLighting":true,"audioPlay":false,"sceneViewState":{"showFog":true,"showMaterialUpdate":true,"showSkybox":true,"showFlares":true,"showImageEffects":true,"showParticleSystems":true},"in2DMode":false,"pivot":{"x":0.01724982261657715,"y":1.0349998474121094,"z":-4.6100006103515629},"rotation":{"x":0.0803690105676651,"y":-0.8561804294586182,"z":0.14021550118923188,"w":0.49074995517730715},"size":40.98066711425781,"orthographic":false}