{"cameraMode":{"drawMode":0,"name":"Shaded","section":"Shading Mode"},"sceneLighting":false,"audioPlay":false,"sceneViewState":{"showFog":true,"showMaterialUpdate":true,"showSkybox":true,"showFlares":true,"showImageEffects":true,"showParticleSystems":true},"in2DMode":false,"pivot":{"x":-0.021144576370716096,"y":-0.05583297461271286,"z":-0.033526524901390079},"rotation":{"x":0.1990271359682083,"y":-0.6225427985191345,"z":0.16788819432258607,"w":0.7379988431930542},"size":1.2952932119369507,"orthographic":false}