{"cameraMode":{"drawMode":0,"name":"Shaded","section":"Shading Mode"},"sceneLighting":false,"audioPlay":false,"sceneViewState":{"showFog":true,"showMaterialUpdate":true,"showSkybox":true,"showFlares":true,"showImageEffects":true,"showParticleSystems":true},"in2DMode":false,"pivot":{"x":-0.9201526641845703,"y":-1.819565773010254,"z":2.4481844902038576},"rotation":{"x":-0.1485878825187683,"y":-0.6811306476593018,"z":0.1441102772951126,"w":-0.7022926211357117},"size":28.649723052978517,"orthographic":false}