{"cameraMode":{"drawMode":0,"name":"Shaded","section":"Shading Mode"},"sceneLighting":false,"audioPlay":false,"sceneViewState":{"showFog":true,"showMaterialUpdate":true,"showSkybox":true,"showFlares":true,"showImageEffects":true,"showParticleSystems":true},"in2DMode":false,"pivot":{"x":12.536109924316407,"y":2.9886457920074465,"z":3.4375312328338625},"rotation":{"x":-0.10588181018829346,"y":0.8463214039802551,"z":-0.18332995474338532,"w":-0.4887937903404236},"size":0.806167483329773,"orthographic":false}