{"cameraMode":{"drawMode":0,"name":"Shaded","section":"Shading Mode"},"sceneLighting":false,"audioPlay":false,"sceneViewState":{"showFog":true,"showMaterialUpdate":true,"showSkybox":true,"showFlares":true,"showImageEffects":true,"showParticleSystems":true},"in2DMode":false,"pivot":{"x":0.5803259611129761,"y":-1.887463092803955,"z":-6.0244245529174809},"rotation":{"x":-0.004201297648251057,"y":-0.9907554388046265,"z":0.13187144696712495,"w":-0.03155910596251488},"size":18.098339080810548,"orthographic":false}