{"cameraMode":{"drawMode":0,"name":"Shaded","section":"Shading Mode"},"sceneLighting":false,"audioPlay":false,"sceneViewState":{"showFog":true,"showMaterialUpdate":true,"showSkybox":true,"showFlares":true,"showImageEffects":true,"showParticleSystems":true},"in2DMode":false,"pivot":{"x":-2.076747417449951,"y":1.7280802726745606,"z":1.5260391235351563},"rotation":{"x":-0.22023414075374604,"y":-0.32467129826545718,"z":0.07801640033721924,"w":-0.9165145754814148},"size":11.800822257995606,"orthographic":false}