{"cameraMode":{"drawMode":0,"name":"Shaded","section":"Shading Mode"},"sceneLighting":true,"audioPlay":false,"sceneViewState":{"showFog":true,"showMaterialUpdate":true,"showSkybox":true,"showFlares":true,"showImageEffects":true,"showParticleSystems":true},"in2DMode":false,"pivot":{"x":-13.505226135253907,"y":12.325698852539063,"z":30.60108184814453},"rotation":{"x":-0.06859655678272248,"y":0.8745139837265015,"z":-0.12977652251720429,"w":-0.4622530937194824},"size":51.543701171875,"orthographic":false}