{"cameraMode":{"drawMode":0,"name":"Shaded","section":"Shading Mode"},"sceneLighting":false,"audioPlay":false,"sceneViewState":{"showFog":true,"showMaterialUpdate":true,"showSkybox":true,"showFlares":true,"showImageEffects":true,"showParticleSystems":true},"in2DMode":false,"pivot":{"x":-14.76328182220459,"y":-8.195960998535157,"z":3.5736606121063234},"rotation":{"x":0.27053943276405337,"y":-0.6090337038040161,"z":0.23260357975959779,"w":0.7083656787872315},"size":23.071760177612306,"orthographic":false}