{"cameraMode":{"drawMode":0,"name":"Shaded","section":"Shading Mode"},"sceneLighting":false,"audioPlay":false,"sceneViewState":{"showFog":true,"showMaterialUpdate":true,"showSkybox":true,"showFlares":true,"showImageEffects":true,"showParticleSystems":true},"in2DMode":false,"pivot":{"x":-3.6542625427246095,"y":-0.37499991059303286,"z":12.300000190734864},"rotation":{"x":0.23132465779781342,"y":-0.08368273824453354,"z":0.01997637189924717,"w":0.9690650701522827},"size":3.802205801010132,"orthographic":false}