{"cameraMode":{"drawMode":0,"name":"Shaded","section":"Shading Mode"},"sceneLighting":false,"audioPlay":false,"sceneViewState":{"showFog":true,"showMaterialUpdate":true,"showSkybox":true,"showFlares":true,"showImageEffects":true,"showParticleSystems":true},"in2DMode":false,"pivot":{"x":-3.583421230316162,"y":3.3778228759765627,"z":7.040018081665039},"rotation":{"x":-0.00700229499489069,"y":0.8012043237686157,"z":-0.5982764363288879,"w":-0.009377178736031056},"size":50.67878341674805,"orthographic":false}