{"cameraMode":{"drawMode":0,"name":"Shaded","section":"Shading Mode"},"sceneLighting":false,"audioPlay":false,"sceneViewState":{"showFog":true,"showMaterialUpdate":true,"showSkybox":true,"showFlares":true,"showImageEffects":true,"showParticleSystems":true},"in2DMode":false,"pivot":{"x":-5.801542282104492,"y":-1.0854578018188477,"z":-8.979345321655274},"rotation":{"x":0.06087387353181839,"y":-0.9324315786361694,"z":0.187390998005867,"w":0.3029033839702606},"size":38.988319396972659,"orthographic":false}