{"cameraMode":{"drawMode":0,"name":"Shaded","section":"Shading Mode"},"sceneLighting":false,"audioPlay":false,"sceneViewState":{"showFog":true,"showMaterialUpdate":true,"showSkybox":true,"showFlares":true,"showImageEffects":true,"showParticleSystems":true},"in2DMode":false,"pivot":{"x":-0.5937399864196777,"y":2.207996368408203,"z":0.8804671764373779},"rotation":{"x":-0.15554340183734895,"y":0.7822183966636658,"z":-0.21599836647510529,"w":-0.5632809400558472},"size":8.290170669555664,"orthographic":false}