{"cameraMode":{"drawMode":0,"name":"Shaded","section":"Shading Mode"},"sceneLighting":false,"audioPlay":false,"sceneViewState":{"showFog":true,"showMaterialUpdate":true,"showSkybox":true,"showFlares":true,"showImageEffects":true,"showParticleSystems":true},"in2DMode":false,"pivot":{"x":-6.461787700653076,"y":0.09000003337860108,"z":-15.968523025512696},"rotation":{"x":0.1666896939277649,"y":-0.37075161933898928,"z":0.06782833486795426,"w":0.9111295938491821},"size":12.951518058776856,"orthographic":false}