{"cameraMode":{"drawMode":0,"name":"Shaded","section":"Shading Mode"},"sceneLighting":false,"audioPlay":false,"sceneViewState":{"showFog":true,"showMaterialUpdate":true,"showSkybox":true,"showFlares":true,"showImageEffects":true,"showParticleSystems":true},"in2DMode":false,"pivot":{"x":8.95260238647461,"y":1.5385990142822266,"z":0.7512407898902893},"rotation":{"x":0.010458541102707386,"y":0.6884070038795471,"z":-0.009929999709129334,"w":0.7251812815666199},"size":18.274566650390626,"orthographic":false}