{"cameraMode":{"drawMode":0,"name":"Shaded","section":"Shading Mode"},"sceneLighting":false,"audioPlay":false,"sceneViewState":{"showFog":true,"showMaterialUpdate":true,"showSkybox":true,"showFlares":true,"showImageEffects":true,"showParticleSystems":true},"in2DMode":false,"pivot":{"x":9.16883659362793,"y":-48.600059509277347,"z":39.695472717285159},"rotation":{"x":-0.4265657067298889,"y":-0.04690131917595863,"z":0.022156044840812684,"w":-0.9029679894447327},"size":83.67227172851563,"orthographic":false}