{"cameraMode":{"drawMode":0,"name":"Shaded","section":"Shading Mode"},"sceneLighting":false,"audioPlay":false,"sceneViewState":{"showFog":true,"showMaterialUpdate":true,"showSkybox":true,"showFlares":true,"showImageEffects":true,"showParticleSystems":true},"in2DMode":false,"pivot":{"x":-1.315730333328247,"y":0.24704673886299134,"z":0.09929412603378296},"rotation":{"x":0.03087599202990532,"y":-0.6657316088676453,"z":0.027586957439780237,"w":0.7450416684150696},"size":8.456646919250489,"orthographic":false}