{"cameraMode":{"drawMode":0,"name":"Shaded","section":"Shading Mode"},"sceneLighting":false,"audioPlay":false,"sceneViewState":{"showFog":true,"showMaterialUpdate":true,"showSkybox":true,"showFlares":true,"showImageEffects":true,"showParticleSystems":true},"in2DMode":false,"pivot":{"x":-0.4444108307361603,"y":-3.307920455932617,"z":12.1870756149292},"rotation":{"x":0.24964451789855958,"y":-0.009643207304179669,"z":0.0024864189326763155,"w":0.968286395072937},"size":28.649723052978517,"orthographic":false}