{"cameraMode":{"drawMode":0,"name":"Shaded","section":"Shading Mode"},"sceneLighting":true,"audioPlay":false,"sceneViewState":{"showFog":true,"showMaterialUpdate":true,"showSkybox":true,"showFlares":true,"showImageEffects":true,"showParticleSystems":true},"in2DMode":false,"pivot":{"x":6.771997451782227,"y":-4.208770751953125,"z":-9.094356536865235},"rotation":{"x":-0.285366028547287,"y":-0.05197748914361,"z":0.015500593930482865,"w":-0.9568825960159302},"size":40.98066711425781,"orthographic":false}