{"cameraMode":{"drawMode":0,"name":"Shaded","section":"Shading Mode"},"sceneLighting":false,"audioPlay":false,"sceneViewState":{"showFog":true,"showMaterialUpdate":true,"showSkybox":true,"showFlares":true,"showImageEffects":true,"showParticleSystems":true},"in2DMode":false,"pivot":{"x":0.16539117693901063,"y":0.5717888474464417,"z":0.000050067901611328125},"rotation":{"x":0.017052633687853814,"y":0.9711576700210571,"z":-0.2262854278087616,"w":0.07319126278162003},"size":6.327022552490234,"orthographic":false}