{"cameraMode":{"drawMode":2,"name":"Shaded Wireframe","section":"Shading Mode"},"sceneLighting":true,"audioPlay":false,"sceneViewState":{"showFog":true,"showMaterialUpdate":true,"showSkybox":true,"showFlares":true,"showImageEffects":true,"showParticleSystems":true},"in2DMode":false,"pivot":{"x":2.5493955612182619,"y":0.7608767747879028,"z":31.535966873168947},"rotation":{"x":-0.00014907743025105447,"y":0.8828057646751404,"z":-0.0002709455438889563,"w":-0.4697616398334503},"size":2.132107973098755,"orthographic":false}