{"cameraMode":{"drawMode":0,"name":"Shaded","section":"Shading Mode"},"sceneLighting":true,"audioPlay":false,"sceneViewState":{"showFog":true,"showMaterialUpdate":true,"showSkybox":true,"showFlares":true,"showImageEffects":true,"showParticleSystems":true},"in2DMode":false,"pivot":{"x":-9.667102813720704,"y":0.5900287628173828,"z":48.554054260253909},"rotation":{"x":0.10792631655931473,"y":-0.3841775059700012,"z":0.04528777673840523,"w":0.9158331751823425},"size":74.16392517089844,"orthographic":false}