{"cameraMode":{"drawMode":0,"name":"Shaded","section":"Shading Mode"},"sceneLighting":false,"audioPlay":false,"sceneViewState":{"showFog":true,"showMaterialUpdate":true,"showSkybox":true,"showFlares":true,"showImageEffects":true,"showParticleSystems":true},"in2DMode":false,"pivot":{"x":15.719390869140625,"y":2.86669921875,"z":22.595754623413087},"rotation":{"x":-0.15367598831653596,"y":-0.4065038859844208,"z":0.06957002729177475,"w":-0.8979411721229553},"size":52.15585708618164,"orthographic":false}