{"cameraMode":{"drawMode":2,"name":"Shaded Wireframe","section":"Shading Mode"},"sceneLighting":false,"audioPlay":false,"sceneViewState":{"showFog":true,"showMaterialUpdate":true,"showSkybox":true,"showFlares":true,"showImageEffects":true,"showParticleSystems":true},"in2DMode":false,"pivot":{"x":0.13056133687496186,"y":0.49806976318359377,"z":0.07644868642091751},"rotation":{"x":0.025277022272348405,"y":-0.9654388427734375,"z":0.10269229114055634,"w":0.2384224683046341},"size":0.25574493408203127,"orthographic":false}