{"cameraMode":{"drawMode":0,"name":"Shaded","section":"Shading Mode"},"sceneLighting":true,"audioPlay":false,"sceneViewState":{"showFog":true,"showMaterialUpdate":true,"showSkybox":true,"showFlares":true,"showImageEffects":true,"showParticleSystems":true},"in2DMode":false,"pivot":{"x":0.01724982261657715,"y":1.0850000381469727,"z":-4.6100006103515629},"rotation":{"x":-0.2616100311279297,"y":-0.039717987179756168,"z":0.010776855982840062,"w":-0.9642959237098694},"size":37.37539291381836,"orthographic":false}