{"cameraMode":{"drawMode":0,"name":"Shaded","section":"Shading Mode"},"sceneLighting":false,"audioPlay":false,"sceneViewState":{"showFog":true,"showMaterialUpdate":true,"showSkybox":true,"showFlares":true,"showImageEffects":true,"showParticleSystems":true},"in2DMode":false,"pivot":{"x":-1.8250184059143067,"y":4.012984752655029,"z":1.8138480186462403},"rotation":{"x":-0.04650744050741196,"y":-0.9534910321235657,"z":0.20954573154449464,"w":-0.21161891520023347},"size":44.190093994140628,"orthographic":false}