{"cameraMode":{"drawMode":0,"name":"Shaded","section":"Shading Mode"},"sceneLighting":false,"audioPlay":false,"sceneViewState":{"showFog":true,"showMaterialUpdate":true,"showSkybox":true,"showFlares":true,"showImageEffects":true,"showParticleSystems":true},"in2DMode":false,"pivot":{"x":4.726461410522461,"y":3.7017736434936525,"z":25.572362899780275},"rotation":{"x":-0.047354310750961307,"y":-0.05686134845018387,"z":0.0026996389497071506,"w":-0.9972548484802246},"size":60.547672271728519,"orthographic":false}