{"cameraMode":{"drawMode":0,"name":"Shaded","section":"Shading Mode"},"sceneLighting":false,"audioPlay":false,"sceneViewState":{"showFog":true,"showMaterialUpdate":true,"showSkybox":true,"showFlares":true,"showImageEffects":true,"showParticleSystems":true},"in2DMode":false,"pivot":{"x":1.2504446506500245,"y":-0.771185040473938,"z":6.175175189971924},"rotation":{"x":0.017052633687853814,"y":0.9711576700210571,"z":-0.2262854278087616,"w":0.07319126278162003},"size":4.733813762664795,"orthographic":false}