{"cameraMode":{"drawMode":0,"name":"Shaded","section":"Shading Mode"},"sceneLighting":false,"audioPlay":false,"sceneViewState":{"showFog":true,"showMaterialUpdate":true,"showSkybox":true,"showFlares":true,"showImageEffects":true,"showParticleSystems":true},"in2DMode":false,"pivot":{"x":-12.382590293884278,"y":2.7936038970947267,"z":3.87912654876709},"rotation":{"x":0.05057746171951294,"y":-0.6099976897239685,"z":0.039062656462192538,"w":0.7898221015930176},"size":23.926010131835939,"orthographic":false}