{"cameraMode":{"drawMode":0,"name":"Shaded","section":"Shading Mode"},"sceneLighting":false,"audioPlay":false,"sceneViewState":{"showFog":true,"showMaterialUpdate":true,"showSkybox":true,"showFlares":true,"showImageEffects":true,"showParticleSystems":true},"in2DMode":false,"pivot":{"x":2.1616995334625246,"y":0.3381953239440918,"z":5.572348594665527},"rotation":{"x":-0.1966896653175354,"y":-0.09430604428052902,"z":0.01901216059923172,"w":-0.9757346510887146},"size":11.04737377166748,"orthographic":false}