{"cameraMode":{"drawMode":0,"name":"Shaded","section":"Shading Mode"},"sceneLighting":true,"audioPlay":false,"sceneViewState":{"showFog":true,"showMaterialUpdate":true,"showSkybox":true,"showFlares":true,"showImageEffects":true,"showParticleSystems":true},"in2DMode":false,"pivot":{"x":0.01724982261657715,"y":1.0850000381469727,"z":-4.6100006103515629},"rotation":{"x":0.2443760484457016,"y":-0.39261394739151,"z":0.10903912782669068,"w":0.8799120187759399},"size":40.98066711425781,"orthographic":false}