{"cameraMode":{"drawMode":0,"name":"Shaded","section":"Shading Mode"},"sceneLighting":false,"audioPlay":false,"sceneViewState":{"showFog":true,"showMaterialUpdate":true,"showSkybox":true,"showFlares":true,"showImageEffects":true,"showParticleSystems":true},"in2DMode":false,"pivot":{"x":-0.23249995708465577,"y":0.9804999828338623,"z":-1.4607499837875367},"rotation":{"x":-0.053842853754758838,"y":0.7233462333679199,"z":-0.05677150934934616,"w":-0.6860381364822388},"size":9.489399909973145,"orthographic":false}