{"cameraMode":{"drawMode":0,"name":"Shaded","section":"Shading Mode"},"sceneLighting":false,"audioPlay":false,"sceneViewState":{"showFog":true,"showMaterialUpdate":true,"showSkybox":true,"showFlares":true,"showImageEffects":true,"showParticleSystems":true},"in2DMode":false,"pivot":{"x":2.7105813026428224,"y":-3.4614500999450685,"z":11.68260383605957},"rotation":{"x":-0.1616189330816269,"y":-0.002363413106650114,"z":0.0003864580939989537,"w":-0.986850380897522},"size":41.721866607666019,"orthographic":false}