{"cameraMode":{"drawMode":2,"name":"Shaded Wireframe","section":"Shading Mode"},"sceneLighting":true,"audioPlay":false,"sceneViewState":{"showFog":true,"showMaterialUpdate":true,"showSkybox":true,"showFlares":true,"showImageEffects":true,"showParticleSystems":true},"in2DMode":false,"pivot":{"x":2.6712214946746828,"y":0.37130463123321535,"z":47.48301315307617},"rotation":{"x":-0.305942177772522,"y":-0.0881086215376854,"z":0.028447626158595086,"w":-0.9475549459457398},"size":1.8210725784301758,"orthographic":false}