{"cameraMode":{"drawMode":0,"name":"Shaded","section":"Shading Mode"},"sceneLighting":true,"audioPlay":false,"sceneViewState":{"showFog":true,"showMaterialUpdate":true,"showSkybox":true,"showFlares":true,"showImageEffects":true,"showParticleSystems":true},"in2DMode":false,"pivot":{"x":4.061925888061523,"y":-4.739274978637695,"z":35.292930603027347},"rotation":{"x":-0.4797791540622711,"y":-0.4938727617263794,"z":0.3859226703643799,"w":-0.6139824986457825},"size":60.942745208740237,"orthographic":false}