{"cameraMode":{"drawMode":0,"name":"Shaded","section":"Shading Mode"},"sceneLighting":false,"audioPlay":false,"sceneViewState":{"showFog":true,"showMaterialUpdate":true,"showSkybox":true,"showFlares":true,"showImageEffects":true,"showParticleSystems":true},"in2DMode":false,"pivot":{"x":7.183574199676514,"y":-2.7340409755706789,"z":8.923966407775879},"rotation":{"x":0.23608183860778809,"y":0.22923247516155244,"z":-0.05741766840219498,"w":0.9425609707832336},"size":13.274471282958985,"orthographic":false}