{"cameraMode":{"drawMode":0,"name":"Shaded","section":"Shading Mode"},"sceneLighting":false,"audioPlay":false,"sceneViewState":{"showFog":true,"showMaterialUpdate":true,"showSkybox":true,"showFlares":true,"showImageEffects":true,"showParticleSystems":true},"in2DMode":false,"pivot":{"x":0.2315642237663269,"y":6.384246349334717,"z":-0.15477076172828675},"rotation":{"x":0.28127744793891909,"y":0.2341442108154297,"z":-0.07097554206848145,"w":0.9279127717018127},"size":2.7832441329956056,"orthographic":false}