{"cameraMode":{"drawMode":0,"name":"Shaded","section":"Shading Mode"},"sceneLighting":false,"audioPlay":false,"sceneViewState":{"showFog":true,"showMaterialUpdate":true,"showSkybox":true,"showFlares":true,"showImageEffects":true,"showParticleSystems":true},"in2DMode":false,"pivot":{"x":-0.8639715909957886,"y":-2.1470870971679689,"z":-3.33687686920166},"rotation":{"x":0.009666805155575276,"y":-0.9289586544036865,"z":0.3692574203014374,"w":0.02431756816804409},"size":11.285979270935059,"orthographic":false}