{"cameraMode":{"drawMode":0,"name":"Shaded","section":"Shading Mode"},"sceneLighting":false,"audioPlay":false,"sceneViewState":{"showFog":true,"showMaterialUpdate":true,"showSkybox":true,"showFlares":true,"showImageEffects":true,"showParticleSystems":true},"in2DMode":false,"pivot":{"x":-0.5538330078125,"y":-16.331363677978517,"z":28.745147705078126},"rotation":{"x":-0.2694447934627533,"y":-0.22056587040424348,"z":0.06354417651891709,"w":-0.9352607131004334},"size":35.51723098754883,"orthographic":false}