{"cameraMode":{"drawMode":0,"name":"Shaded","section":"Shading Mode"},"sceneLighting":false,"audioPlay":false,"sceneViewState":{"showFog":true,"showMaterialUpdate":true,"showSkybox":true,"showFlares":true,"showImageEffects":true,"showParticleSystems":true},"in2DMode":false,"pivot":{"x":-6.236845970153809,"y":-0.8113021850585938,"z":-13.517049789428711},"rotation":{"x":0.1125563308596611,"y":-0.10569930076599121,"z":0.01204159390181303,"w":0.9879341125488281},"size":8.807610511779786,"orthographic":false}