{"cameraMode":{"drawMode":0,"name":"Shaded","section":"Shading Mode"},"sceneLighting":false,"audioPlay":false,"sceneViewState":{"showFog":true,"showMaterialUpdate":true,"showSkybox":true,"showFlares":true,"showImageEffects":true,"showParticleSystems":true},"in2DMode":false,"pivot":{"x":-1.593813419342041,"y":-8.907405853271485,"z":24.507747650146486},"rotation":{"x":0.23652248084545136,"y":-0.018651623278856279,"z":0.00454089418053627,"w":0.9714363813400269},"size":63.272315979003909,"orthographic":false}