{"cameraMode":{"drawMode":0,"name":"Shaded","section":"Shading Mode"},"sceneLighting":false,"audioPlay":false,"sceneViewState":{"showFog":true,"showMaterialUpdate":true,"showSkybox":true,"showFlares":true,"showImageEffects":true,"showParticleSystems":true},"in2DMode":false,"pivot":{"x":0.0,"y":3.309269905090332,"z":-0.0013207197189331055},"rotation":{"x":-0.06789029389619827,"y":-0.28191110491752627,"z":0.020002471283078195,"w":-0.9568265080451965},"size":11.285979270935059,"orthographic":false}