{"cameraMode":{"drawMode":0,"name":"Shaded","section":"Shading Mode"},"sceneLighting":false,"audioPlay":false,"sceneViewState":{"showFog":true,"showMaterialUpdate":true,"showSkybox":true,"showFlares":true,"showImageEffects":true,"showParticleSystems":true},"in2DMode":false,"pivot":{"x":-0.47144436836242678,"y":1.0171194076538087,"z":1.9251694679260255},"rotation":{"x":-0.17304281890392304,"y":0.3390033543109894,"z":-0.0635853111743927,"w":-0.9225453734397888},"size":4.457176685333252,"orthographic":false}