{"cameraMode":{"drawMode":0,"name":"Shaded","section":"Shading Mode"},"sceneLighting":false,"audioPlay":false,"sceneViewState":{"showFog":true,"showMaterialUpdate":true,"showSkybox":true,"showFlares":true,"showImageEffects":true,"showParticleSystems":true},"in2DMode":false,"pivot":{"x":0.17715740203857423,"y":-0.4428638815879822,"z":-16.005998611450197},"rotation":{"x":-0.025730159133672715,"y":-0.7168722152709961,"z":0.026494204998016359,"w":-0.6962257623672485},"size":7.726018905639648,"orthographic":false}