{"cameraMode":{"drawMode":0,"name":"Shaded","section":"Shading Mode"},"sceneLighting":false,"audioPlay":false,"sceneViewState":{"showFog":true,"showMaterialUpdate":true,"showSkybox":true,"showFlares":true,"showImageEffects":true,"showParticleSystems":true},"in2DMode":false,"pivot":{"x":-1.5395288467407227,"y":-2.8095788955688478,"z":-2.053055763244629},"rotation":{"x":-0.2272259145975113,"y":0.1999509334564209,"z":-0.04773089289665222,"w":-0.9518980383872986},"size":19.56268882751465,"orthographic":false}