{"cameraMode":{"drawMode":0,"name":"Shaded","section":"Shading Mode"},"sceneLighting":true,"audioPlay":false,"sceneViewState":{"showFog":true,"showMaterialUpdate":true,"showSkybox":true,"showFlares":true,"showImageEffects":true,"showParticleSystems":true},"in2DMode":false,"pivot":{"x":-0.4493594169616699,"y":4.9678497314453129,"z":-0.07000017166137696},"rotation":{"x":-0.06859655678272248,"y":0.8745139837265015,"z":-0.12977652251720429,"w":-0.4622530937194824},"size":35.40712356567383,"orthographic":false}