{"cameraMode":{"drawMode":0,"name":"Shaded","section":"Shading Mode"},"sceneLighting":false,"audioPlay":false,"sceneViewState":{"showFog":true,"showMaterialUpdate":true,"showSkybox":true,"showFlares":true,"showImageEffects":true,"showParticleSystems":true},"in2DMode":false,"pivot":{"x":0.012237310409545899,"y":1.9604463577270508,"z":0.06051522493362427},"rotation":{"x":0.017052633687853814,"y":0.9711576700210571,"z":-0.2262854278087616,"w":0.07319126278162003},"size":7.393948554992676,"orthographic":false}