{"cameraMode":{"drawMode":0,"name":"Shaded","section":"Shading Mode"},"sceneLighting":false,"audioPlay":false,"sceneViewState":{"showFog":true,"showMaterialUpdate":true,"showSkybox":true,"showFlares":true,"showImageEffects":true,"showParticleSystems":true},"in2DMode":false,"pivot":{"x":-25.86368179321289,"y":-49.303863525390628,"z":-66.27120208740235},"rotation":{"x":-0.053357236087322238,"y":0.9357274770736694,"z":-0.30895131826400759,"w":-0.16160494089126588},"size":149.16912841796876,"orthographic":false}