{"cameraMode":{"drawMode":0,"name":"Shaded","section":"Shading Mode"},"sceneLighting":false,"audioPlay":false,"sceneViewState":{"showFog":true,"showMaterialUpdate":true,"showSkybox":true,"showFlares":true,"showImageEffects":true,"showParticleSystems":true},"in2DMode":false,"pivot":{"x":-3.025738477706909,"y":-47.45516586303711,"z":30.5426025390625},"rotation":{"x":-0.44652488827705386,"y":0.05500911921262741,"z":-0.02751730941236019,"w":-0.8926546573638916},"size":80.90118408203125,"orthographic":false}