{"cameraMode":{"drawMode":0,"name":"Shaded","section":"Shading Mode"},"sceneLighting":false,"audioPlay":false,"sceneViewState":{"showFog":true,"showMaterialUpdate":true,"showSkybox":true,"showFlares":true,"showImageEffects":true,"showParticleSystems":true},"in2DMode":false,"pivot":{"x":-0.042695045471191409,"y":4.9678497314453129,"z":0.0},"rotation":{"x":-0.18901972472667695,"y":-0.7923158407211304,"z":0.3026019334793091,"w":-0.4949134588241577},"size":54.58624267578125,"orthographic":false}