{"cameraMode":{"drawMode":0,"name":"Shaded","section":"Shading Mode"},"sceneLighting":false,"audioPlay":false,"sceneViewState":{"showFog":true,"showMaterialUpdate":true,"showSkybox":true,"showFlares":true,"showImageEffects":true,"showParticleSystems":true},"in2DMode":false,"pivot":{"x":-0.5099730491638184,"y":2.569999933242798,"z":-19.953031539916993},"rotation":{"x":0.1666896939277649,"y":-0.37075161933898928,"z":0.06782833486795426,"w":0.9111295938491821},"size":2.689955234527588,"orthographic":false}