{"cameraMode":{"drawMode":0,"name":"Shaded","section":"Shading Mode"},"sceneLighting":false,"audioPlay":false,"sceneViewState":{"showFog":true,"showMaterialUpdate":true,"showSkybox":true,"showFlares":true,"showImageEffects":true,"showParticleSystems":true},"in2DMode":false,"pivot":{"x":51.5389289855957,"y":-61.15632629394531,"z":76.2767333984375},"rotation":{"x":0.26735350489616396,"y":0.253203421831131,"z":-0.07303595542907715,"w":0.9268634915351868},"size":148.38487243652345,"orthographic":false}