{"cameraMode":{"drawMode":0,"name":"Shaded","section":"Shading Mode"},"sceneLighting":false,"audioPlay":false,"sceneViewState":{"showFog":true,"showMaterialUpdate":true,"showSkybox":true,"showFlares":true,"showImageEffects":true,"showParticleSystems":true},"in2DMode":false,"pivot":{"x":-9.371709823608399,"y":-6.137415885925293,"z":-7.6202592849731449},"rotation":{"x":0.08621364831924439,"y":-0.8663415908813477,"z":0.160628542304039,"w":0.4649924337863922},"size":43.19589614868164,"orthographic":false}