{"cameraMode":{"drawMode":0,"name":"Shaded","section":"Shading Mode"},"sceneLighting":false,"audioPlay":false,"sceneViewState":{"showFog":true,"showMaterialUpdate":true,"showSkybox":true,"showFlares":true,"showImageEffects":true,"showParticleSystems":true},"in2DMode":false,"pivot":{"x":1.1562554836273194,"y":-21.629535675048829,"z":32.44605255126953},"rotation":{"x":-0.2670482397079468,"y":-0.002612000098451972,"z":0.0007233970682136714,"w":-0.9636793732643127},"size":66.80813598632813,"orthographic":false}