{"cameraMode":{"drawMode":0,"name":"Shaded","section":"Shading Mode"},"sceneLighting":false,"audioPlay":false,"sceneViewState":{"showFog":true,"showMaterialUpdate":true,"showSkybox":true,"showFlares":true,"showImageEffects":true,"showParticleSystems":true},"in2DMode":false,"pivot":{"x":0.01724982261657715,"y":1.0676004886627198,"z":-4.5885515213012699},"rotation":{"x":-0.13720941543579102,"y":-0.3086058497428894,"z":0.04504014179110527,"w":-0.9401635527610779},"size":3.1555395126342775,"orthographic":false}