{"cameraMode":{"drawMode":0,"name":"Shaded","section":"Shading Mode"},"sceneLighting":true,"audioPlay":false,"sceneViewState":{"showFog":true,"showMaterialUpdate":true,"showSkybox":true,"showFlares":true,"showImageEffects":true,"showParticleSystems":true},"in2DMode":false,"pivot":{"x":0.49636614322662356,"y":2.0383996963500978,"z":-0.9010071158409119},"rotation":{"x":0.0741233378648758,"y":-0.3848515748977661,"z":0.03102348931133747,"w":0.9194740653038025},"size":7.15730094909668,"orthographic":false}