{"cameraMode":{"drawMode":0,"name":"Shaded","section":"Shading Mode"},"sceneLighting":false,"audioPlay":false,"sceneViewState":{"showFog":true,"showMaterialUpdate":true,"showSkybox":true,"showFlares":true,"showImageEffects":true,"showParticleSystems":true},"in2DMode":false,"pivot":{"x":-28.1312198638916,"y":-39.84200668334961,"z":-5.322146892547607},"rotation":{"x":-0.3417065441608429,"y":0.6552336812019348,"z":-0.4357106387615204,"w":-0.5138694643974304},"size":57.819854736328128,"orthographic":false}