{"cameraMode":{"drawMode":0,"name":"Shaded","section":"Shading Mode"},"sceneLighting":true,"audioPlay":false,"sceneViewState":{"showFog":true,"showMaterialUpdate":true,"showSkybox":true,"showFlares":true,"showImageEffects":true,"showParticleSystems":true},"in2DMode":false,"pivot":{"x":136.9949951171875,"y":-1.3079190254211426,"z":-434.10455322265627},"rotation":{"x":-0.004000204615294933,"y":-0.9946846961975098,"z":0.09372250735759735,"w":-0.04245710372924805},"size":45.27184295654297,"orthographic":false}