{"cameraMode":{"drawMode":0,"name":"Shaded","section":"Shading Mode"},"sceneLighting":false,"audioPlay":false,"sceneViewState":{"showFog":true,"showMaterialUpdate":true,"showSkybox":true,"showFlares":true,"showImageEffects":true,"showParticleSystems":true},"in2DMode":false,"pivot":{"x":-0.05796998739242554,"y":0.46169328689575198,"z":-3.094332218170166},"rotation":{"x":0.0031241250690072777,"y":0.9796829223632813,"z":-0.19994357228279115,"w":0.015305698849260807},"size":11.844022750854493,"orthographic":false}