{"cameraMode":{"drawMode":0,"name":"Shaded","section":"Shading Mode"},"sceneLighting":false,"audioPlay":false,"sceneViewState":{"showFog":true,"showMaterialUpdate":true,"showSkybox":true,"showFlares":true,"showImageEffects":true,"showParticleSystems":true},"in2DMode":false,"pivot":{"x":3.944546699523926,"y":6.758524417877197,"z":3.388596296310425},"rotation":{"x":-0.4978793263435364,"y":0.5021016001701355,"z":-0.49703261256217959,"w":-0.5029600262641907},"size":7.334112644195557,"orthographic":false}