{"cameraMode":{"drawMode":0,"name":"Shaded","section":"Shading Mode"},"sceneLighting":false,"audioPlay":false,"sceneViewState":{"showFog":true,"showMaterialUpdate":true,"showSkybox":true,"showFlares":true,"showImageEffects":true,"showParticleSystems":true},"in2DMode":false,"pivot":{"x":-1.8768587112426758,"y":-8.95895767211914,"z":6.524021148681641},"rotation":{"x":-0.22711420059204102,"y":0.2718200981616974,"z":-0.06618119776248932,"w":-0.9328199625015259},"size":26.00063705444336,"orthographic":false}