{"cameraMode":{"drawMode":0,"name":"Shaded","section":"Shading Mode"},"sceneLighting":false,"audioPlay":false,"sceneViewState":{"showFog":true,"showMaterialUpdate":true,"showSkybox":true,"showFlares":true,"showImageEffects":true,"showParticleSystems":true},"in2DMode":false,"pivot":{"x":18.434005737304689,"y":-24.95438575744629,"z":65.37144470214844},"rotation":{"x":-0.18734411895275117,"y":-0.09354867786169052,"z":0.017925499007105829,"w":-0.977665364742279},"size":122.44979095458985,"orthographic":false}