{"cameraMode":{"drawMode":0,"name":"Shaded","section":"Shading Mode"},"sceneLighting":false,"audioPlay":false,"sceneViewState":{"showFog":true,"showMaterialUpdate":true,"showSkybox":true,"showFlares":true,"showImageEffects":true,"showParticleSystems":true},"in2DMode":false,"pivot":{"x":1.5568065643310547,"y":-13.116777420043946,"z":31.496580123901368},"rotation":{"x":-0.2224692851305008,"y":-0.07362599670886994,"z":0.016851229593157769,"w":-0.9720096588134766},"size":68.08209991455078,"orthographic":false}