{"cameraMode":{"drawMode":0,"name":"Shaded","section":"Shading Mode"},"sceneLighting":true,"audioPlay":false,"sceneViewState":{"showFog":true,"showMaterialUpdate":true,"showSkybox":true,"showFlares":true,"showImageEffects":true,"showParticleSystems":true},"in2DMode":false,"pivot":{"x":0.809999942779541,"y":0.17599999904632569,"z":13.416999816894532},"rotation":{"x":-0.03424244746565819,"y":-0.9328153729438782,"z":0.09213245660066605,"w":-0.3466910123825073},"size":22.0,"orthographic":false}