{"cameraMode":{"drawMode":0,"name":"Shaded","section":"Shading Mode"},"sceneLighting":true,"audioPlay":false,"sceneViewState":{"showFog":true,"showMaterialUpdate":true,"showSkybox":true,"showFlares":true,"showImageEffects":true,"showParticleSystems":true},"in2DMode":false,"pivot":{"x":-25.98809242248535,"y":-12.045395851135254,"z":25.715673446655275},"rotation":{"x":0.1666896939277649,"y":-0.37075161933898928,"z":0.06782833486795426,"w":0.9111295938491821},"size":48.894195556640628,"orthographic":false}