{"cameraMode":{"drawMode":0,"name":"Shaded","section":"Shading Mode"},"sceneLighting":false,"audioPlay":false,"sceneViewState":{"showFog":true,"showMaterialUpdate":true,"showSkybox":true,"showFlares":true,"showImageEffects":true,"showParticleSystems":true},"in2DMode":false,"pivot":{"x":0.20827293395996095,"y":1.7140758037567139,"z":0.013481855392456055},"rotation":{"x":0.14218372106552125,"y":-0.6326639652252197,"z":0.1196499913930893,"w":0.7518005967140198},"size":8.254678726196289,"orthographic":false}