{"cameraMode":{"drawMode":0,"name":"Shaded","section":"Shading Mode"},"sceneLighting":true,"audioPlay":false,"sceneViewState":{"showFog":true,"showMaterialUpdate":true,"showSkybox":true,"showFlares":true,"showImageEffects":true,"showParticleSystems":true},"in2DMode":false,"pivot":{"x":-3.6542625427246095,"y":4.0,"z":12.299999237060547},"rotation":{"x":0.14636604487895966,"y":-0.3598422408103943,"z":0.057268716394901279,"w":0.9196797609329224},"size":33.504451751708987,"orthographic":false}