{"cameraMode":{"drawMode":0,"name":"Shaded","section":"Shading Mode"},"sceneLighting":true,"audioPlay":false,"sceneViewState":{"showFog":true,"showMaterialUpdate":true,"showSkybox":true,"showFlares":true,"showImageEffects":true,"showParticleSystems":true},"in2DMode":false,"pivot":{"x":125.28541564941406,"y":12.839336395263672,"z":199.26071166992188},"rotation":{"x":-0.14293469488620759,"y":0.5477004051208496,"z":-0.09560969471931458,"w":-0.8188117742538452},"size":49.560176849365237,"orthographic":false}