{"cameraMode":{"drawMode":0,"name":"Shaded","section":"Shading Mode"},"sceneLighting":false,"audioPlay":false,"sceneViewState":{"showFog":true,"showMaterialUpdate":true,"showSkybox":true,"showFlares":true,"showImageEffects":true,"showParticleSystems":true},"in2DMode":false,"pivot":{"x":0.6635903120040894,"y":0.9494684338569641,"z":1.7631829977035523},"rotation":{"x":-0.08719655126333237,"y":-0.21534131467342378,"z":0.019309407100081445,"w":-0.9724464416503906},"size":3.5953140258789064,"orthographic":false}