{"cameraMode":{"drawMode":2,"name":"Shaded Wireframe","section":"Shading Mode"},"sceneLighting":false,"audioPlay":false,"sceneViewState":{"showFog":false,"showMaterialUpdate":false,"showSkybox":false,"showFlares":false,"showImageEffects":false,"showParticleSystems":false},"in2DMode":false,"pivot":{"x":4.284892559051514,"y":-4.035165786743164,"z":13.42744255065918},"rotation":{"x":-0.2522369921207428,"y":-0.18354539573192597,"z":0.04879249259829521,"w":-0.9488450884819031},"size":28.0323543548584,"orthographic":false}