{"cameraMode":{"drawMode":0,"name":"Shaded","section":"Shading Mode"},"sceneLighting":false,"audioPlay":false,"sceneViewState":{"showFog":true,"showMaterialUpdate":true,"showSkybox":true,"showFlares":true,"showImageEffects":true,"showParticleSystems":true},"in2DMode":false,"pivot":{"x":-2.6685290336608888,"y":0.1432030200958252,"z":-0.04638837277889252},"rotation":{"x":0.1990271359682083,"y":-0.6225427985191345,"z":0.16788819432258607,"w":0.7379988431930542},"size":1.2952935695648194,"orthographic":false}