{"cameraMode":{"drawMode":0,"name":"Shaded","section":"Shading Mode"},"sceneLighting":true,"audioPlay":false,"sceneViewState":{"showFog":true,"showMaterialUpdate":true,"showSkybox":true,"showFlares":true,"showImageEffects":true,"showParticleSystems":true},"in2DMode":false,"pivot":{"x":2.3983688354492189,"y":-0.9609851837158203,"z":23.693321228027345},"rotation":{"x":-0.4238816499710083,"y":0.22598335146903993,"z":-0.11008678376674652,"w":-0.8701367974281311},"size":19.08411979675293,"orthographic":false}