{"cameraMode":{"drawMode":0,"name":"Shaded","section":"Shading Mode"},"sceneLighting":true,"audioPlay":false,"sceneViewState":{"showFog":true,"showMaterialUpdate":true,"showSkybox":true,"showFlares":true,"showImageEffects":true,"showParticleSystems":true},"in2DMode":false,"pivot":{"x":4.188297271728516,"y":1.130508303642273,"z":-0.3955543041229248},"rotation":{"x":-0.00959476362913847,"y":-0.46331721544265749,"z":0.005016400944441557,"w":-0.8861263990402222},"size":6.401038646697998,"orthographic":false}