{"cameraMode":{"drawMode":0,"name":"Shaded","section":"Shading Mode"},"sceneLighting":true,"audioPlay":false,"sceneViewState":{"showFog":true,"showMaterialUpdate":true,"showSkybox":true,"showFlares":true,"showImageEffects":true,"showParticleSystems":true},"in2DMode":false,"pivot":{"x":0.7787530422210693,"y":0.17607320845127107,"z":13.442197799682618},"rotation":{"x":-0.03691054880619049,"y":-0.003664120566099882,"z":0.00013686984311789274,"w":-0.9993118643760681},"size":21.96323585510254,"orthographic":false}