{"cameraMode":{"drawMode":0,"name":"Shaded","section":"Shading Mode"},"sceneLighting":false,"audioPlay":false,"sceneViewState":{"showFog":true,"showMaterialUpdate":true,"showSkybox":true,"showFlares":true,"showImageEffects":true,"showParticleSystems":true},"in2DMode":false,"pivot":{"x":-3.1790409088134767,"y":-0.8497371673583984,"z":14.333011627197266},"rotation":{"x":-0.12324809283018112,"y":-0.07287286221981049,"z":0.009075022302567959,"w":-0.989655077457428},"size":48.586544036865237,"orthographic":false}