{"cameraMode":{"drawMode":0,"name":"Shaded","section":"Shading Mode"},"sceneLighting":false,"audioPlay":false,"sceneViewState":{"showFog":true,"showMaterialUpdate":true,"showSkybox":true,"showFlares":true,"showImageEffects":true,"showParticleSystems":true},"in2DMode":false,"pivot":{"x":10.365096092224121,"y":2.6984243392944338,"z":-3.772928237915039},"rotation":{"x":-0.2574981451034546,"y":-0.42434561252593996,"z":0.1272413283586502,"w":-0.858740508556366},"size":27.558948516845704,"orthographic":false}