{"cameraMode":{"drawMode":0,"name":"Shaded","section":"Shading Mode"},"sceneLighting":true,"audioPlay":false,"sceneViewState":{"showFog":true,"showMaterialUpdate":true,"showSkybox":true,"showFlares":true,"showImageEffects":true,"showParticleSystems":true},"in2DMode":false,"pivot":{"x":35.29999923706055,"y":21.559999465942384,"z":-35.29999923706055},"rotation":{"x":-0.14293469488620759,"y":0.5477004051208496,"z":-0.09560969471931458,"w":-0.8188117742538452},"size":26.235408782958986,"orthographic":false}