{"cameraMode":{"drawMode":0,"name":"Shaded","section":"Shading Mode"},"sceneLighting":false,"audioPlay":false,"sceneViewState":{"showFog":true,"showMaterialUpdate":true,"showSkybox":true,"showFlares":true,"showImageEffects":true,"showParticleSystems":true},"in2DMode":false,"pivot":{"x":0.0,"y":1.6248598098754883,"z":-0.0413588285446167},"rotation":{"x":-0.20670095086097718,"y":0.6548767685890198,"z":-0.19316069781780244,"w":-0.7007853388786316},"size":7.286407947540283,"orthographic":false}