{"cameraMode":{"drawMode":0,"name":"Shaded","section":"Shading Mode"},"sceneLighting":false,"audioPlay":false,"sceneViewState":{"showFog":true,"showMaterialUpdate":true,"showSkybox":true,"showFlares":true,"showImageEffects":true,"showParticleSystems":true},"in2DMode":false,"pivot":{"x":-3.593696117401123,"y":0.6042280197143555,"z":27.76040267944336},"rotation":{"x":0.07821168005466461,"y":-0.03109694831073284,"z":0.0024404642172157766,"w":0.9964486956596375},"size":57.94035720825195,"orthographic":false}