{"cameraMode":{"drawMode":0,"name":"Shaded","section":"Shading Mode"},"sceneLighting":false,"audioPlay":false,"sceneViewState":{"showFog":true,"showMaterialUpdate":true,"showSkybox":true,"showFlares":true,"showImageEffects":true,"showParticleSystems":true},"in2DMode":false,"pivot":{"x":-0.9997016787528992,"y":-0.6139430999755859,"z":2.710625648498535},"rotation":{"x":0.2365390509366989,"y":-0.1654224544763565,"z":0.04090403392910957,"w":0.9565623998641968},"size":6.637198448181152,"orthographic":false}