{"cameraMode":{"drawMode":0,"name":"Shaded","section":"Shading Mode"},"sceneLighting":false,"audioPlay":false,"sceneViewState":{"showFog":true,"showMaterialUpdate":true,"showSkybox":true,"showFlares":true,"showImageEffects":true,"showParticleSystems":true},"in2DMode":false,"pivot":{"x":-0.03666543960571289,"y":1.5476577281951905,"z":0.0021806955337524416},"rotation":{"x":-0.13838216662406922,"y":0.7445481419563294,"z":-0.16291412711143495,"w":-0.6324219703674316},"size":4.0894083976745609,"orthographic":false}