{"cameraMode":{"drawMode":0,"name":"Shaded","section":"Shading Mode"},"sceneLighting":true,"audioPlay":false,"sceneViewState":{"showFog":true,"showMaterialUpdate":true,"showSkybox":true,"showFlares":true,"showImageEffects":true,"showParticleSystems":true},"in2DMode":false,"pivot":{"x":5.1211700439453129,"y":1.0224157571792603,"z":-5.996175289154053},"rotation":{"x":0.1599438488483429,"y":-0.5318004488945007,"z":0.10307323932647705,"w":0.8252164721488953},"size":6.460233688354492,"orthographic":false}