{"cameraMode":{"drawMode":0,"name":"Shaded","section":"Shading Mode"},"sceneLighting":false,"audioPlay":false,"sceneViewState":{"showFog":true,"showMaterialUpdate":true,"showSkybox":true,"showFlares":true,"showImageEffects":true,"showParticleSystems":true},"in2DMode":false,"pivot":{"x":-0.03666543960571289,"y":0.04765772819519043,"z":0.0021806955337524416},"rotation":{"x":0.14218372106552125,"y":-0.6326639652252197,"z":0.1196499913930893,"w":0.7518005967140198},"size":9.37946891784668,"orthographic":false}