{"cameraMode":{"drawMode":0,"name":"Shaded","section":"Shading Mode"},"sceneLighting":false,"audioPlay":false,"sceneViewState":{"showFog":true,"showMaterialUpdate":true,"showSkybox":true,"showFlares":true,"showImageEffects":true,"showParticleSystems":true},"in2DMode":false,"pivot":{"x":0.21996796131134034,"y":0.4982560873031616,"z":-0.20168514549732209},"rotation":{"x":0.1612234264612198,"y":-0.7690513730049133,"z":0.21359945833683015,"w":0.5804674029350281},"size":3.1555402278900148,"orthographic":false}