{"cameraMode":{"drawMode":0,"name":"Shaded","section":"Shading Mode"},"sceneLighting":true,"audioPlay":false,"sceneViewState":{"showFog":true,"showMaterialUpdate":true,"showSkybox":true,"showFlares":true,"showImageEffects":true,"showParticleSystems":true},"in2DMode":false,"pivot":{"x":31.253061294555665,"y":23.812530517578126,"z":52.154178619384769},"rotation":{"x":-0.06859655678272248,"y":0.8745139837265015,"z":-0.12977652251720429,"w":-0.4622530937194824},"size":51.20416259765625,"orthographic":false}