{"cameraMode":{"drawMode":0,"name":"Shaded","section":"Shading Mode"},"sceneLighting":false,"audioPlay":false,"sceneViewState":{"showFog":true,"showMaterialUpdate":true,"showSkybox":true,"showFlares":true,"showImageEffects":true,"showParticleSystems":true},"in2DMode":false,"pivot":{"x":-3.9410743713378908,"y":-3.272836685180664,"z":17.659809112548829},"rotation":{"x":0.24498701095581056,"y":-0.6466845870018005,"z":0.23154565691947938,"w":0.6842274069786072},"size":29.938961029052736,"orthographic":false}