{"cameraMode":{"drawMode":0,"name":"Shaded","section":"Shading Mode"},"sceneLighting":false,"audioPlay":false,"sceneViewState":{"showFog":true,"showMaterialUpdate":true,"showSkybox":true,"showFlares":true,"showImageEffects":true,"showParticleSystems":true},"in2DMode":false,"pivot":{"x":2.312906265258789,"y":1.5454397201538087,"z":-0.2149161845445633},"rotation":{"x":-0.2232886105775833,"y":-0.6655536890029907,"z":0.21933656930923463,"w":-0.6775485873222351},"size":11.285979270935059,"orthographic":false}