{"cameraMode":{"drawMode":0,"name":"Shaded","section":"Shading Mode"},"sceneLighting":false,"audioPlay":false,"sceneViewState":{"showFog":true,"showMaterialUpdate":true,"showSkybox":true,"showFlares":true,"showImageEffects":true,"showParticleSystems":true},"in2DMode":false,"pivot":{"x":-115.61573791503906,"y":-0.034369468688964847,"z":1.581370234489441},"rotation":{"x":-0.01652732864022255,"y":0.7092627882957459,"z":-0.016637641936540605,"w":-0.7045540809631348},"size":142.56993103027345,"orthographic":false}