{"cameraMode":{"drawMode":0,"name":"Shaded","section":"Shading Mode"},"sceneLighting":false,"audioPlay":false,"sceneViewState":{"showFog":true,"showMaterialUpdate":true,"showSkybox":true,"showFlares":true,"showImageEffects":true,"showParticleSystems":true},"in2DMode":false,"pivot":{"x":-0.0010389089584350587,"y":0.016179800033569337,"z":0.0010337233543395997},"rotation":{"x":-0.2574981451034546,"y":-0.42434561252593996,"z":0.1272413283586502,"w":-0.858740508556366},"size":4.667166709899902,"orthographic":false}