{"cameraMode":{"drawMode":0,"name":"Shaded","section":"Shading Mode"},"sceneLighting":false,"audioPlay":false,"sceneViewState":{"showFog":true,"showMaterialUpdate":true,"showSkybox":true,"showFlares":true,"showImageEffects":true,"showParticleSystems":true},"in2DMode":false,"pivot":{"x":-0.08109641075134278,"y":-0.09077954292297363,"z":-0.05582427978515625},"rotation":{"x":0.0032423953525722028,"y":-0.9955658912658691,"z":0.08624833077192307,"w":0.03740720823407173},"size":4.295292854309082,"orthographic":false}