{"cameraMode":{"drawMode":0,"name":"Shaded","section":"Shading Mode"},"sceneLighting":true,"audioPlay":false,"sceneViewState":{"showFog":true,"showMaterialUpdate":true,"showSkybox":true,"showFlares":true,"showImageEffects":true,"showParticleSystems":true},"in2DMode":false,"pivot":{"x":-7.392299652099609,"y":-6.28844690322876,"z":11.28834342956543},"rotation":{"x":0.24609102308750153,"y":-0.34312498569488528,"z":0.0936533585190773,"w":0.9016302824020386},"size":26.120197296142579,"orthographic":false}