{"cameraMode":{"drawMode":0,"name":"Shaded","section":"Shading Mode"},"sceneLighting":false,"audioPlay":false,"sceneViewState":{"showFog":true,"showMaterialUpdate":true,"showSkybox":true,"showFlares":true,"showImageEffects":true,"showParticleSystems":true},"in2DMode":false,"pivot":{"x":-0.1164407730102539,"y":5.435699462890625,"z":10.916362762451172},"rotation":{"x":-0.037847548723220828,"y":0.9484655261039734,"z":-0.28906357288360598,"w":-0.12418945133686066},"size":53.625,"orthographic":false}