{"cameraMode":{"drawMode":0,"name":"Shaded","section":"Shading Mode"},"sceneLighting":true,"audioPlay":false,"sceneViewState":{"showFog":true,"showMaterialUpdate":true,"showSkybox":true,"showFlares":true,"showImageEffects":true,"showParticleSystems":true},"in2DMode":false,"pivot":{"x":0.8011693954467773,"y":0.17599992454051972,"z":13.36384105682373},"rotation":{"x":0.221967875957489,"y":0.7164860963821411,"z":-0.26188284158706667,"w":0.6072852611541748},"size":32.298858642578128,"orthographic":false}