{"cameraMode":{"drawMode":0,"name":"Shaded","section":"Shading Mode"},"sceneLighting":false,"audioPlay":false,"sceneViewState":{"showFog":true,"showMaterialUpdate":true,"showSkybox":true,"showFlares":true,"showImageEffects":true,"showParticleSystems":true},"in2DMode":false,"pivot":{"x":-27.90340805053711,"y":-8.146125793457032,"z":-6.6083879470825199},"rotation":{"x":-0.14973916113376618,"y":0.7338002920150757,"z":-0.17167793214321137,"w":-0.6400328278541565},"size":54.789085388183597,"orthographic":false}