{"cameraMode":{"drawMode":0,"name":"Shaded","section":"Shading Mode"},"sceneLighting":false,"audioPlay":false,"sceneViewState":{"showFog":true,"showMaterialUpdate":true,"showSkybox":true,"showFlares":true,"showImageEffects":true,"showParticleSystems":true},"in2DMode":false,"pivot":{"x":0.028080344200134279,"y":1.0924620628356934,"z":-0.1251608282327652},"rotation":{"x":-0.05926350876688957,"y":0.8066340088844299,"z":-0.08209078758955002,"w":-0.5823148488998413},"size":5.96574068069458,"orthographic":false}