{"cameraMode":{"drawMode":0,"name":"Shaded","section":"Shading Mode"},"sceneLighting":false,"audioPlay":false,"sceneViewState":{"showFog":true,"showMaterialUpdate":true,"showSkybox":true,"showFlares":true,"showImageEffects":true,"showParticleSystems":true},"in2DMode":false,"pivot":{"x":-3.8637442588806154,"y":0.7855205535888672,"z":0.6178725957870483},"rotation":{"x":-0.22154907882213593,"y":0.6434972286224365,"z":-0.2024644911289215,"w":-0.7041559219360352},"size":14.173677444458008,"orthographic":false}