{"cameraMode":{"drawMode":0,"name":"Shaded","section":"Shading Mode"},"sceneLighting":false,"audioPlay":false,"sceneViewState":{"showFog":true,"showMaterialUpdate":true,"showSkybox":true,"showFlares":true,"showImageEffects":true,"showParticleSystems":true},"in2DMode":false,"pivot":{"x":-6.034440040588379,"y":-1.5420255661010743,"z":0.5084142684936523},"rotation":{"x":0.005859455093741417,"y":-0.9912784695625305,"z":0.12287221103906632,"w":0.04727732762694359},"size":15.631174087524414,"orthographic":false}