{"cameraMode":{"drawMode":0,"name":"Shaded","section":"Shading Mode"},"sceneLighting":false,"audioPlay":false,"sceneViewState":{"showFog":true,"showMaterialUpdate":true,"showSkybox":true,"showFlares":true,"showImageEffects":true,"showParticleSystems":true},"in2DMode":false,"pivot":{"x":-0.6155614852905273,"y":-2.2094199657440187,"z":-20.921283721923829},"rotation":{"x":-0.075098916888237,"y":-0.8784430027008057,"z":0.14712391793727876,"w":-0.448402464389801},"size":9.180006980895996,"orthographic":false}