{"cameraMode":{"drawMode":0,"name":"Shaded","section":"Shading Mode"},"sceneLighting":false,"audioPlay":false,"sceneViewState":{"showFog":true,"showMaterialUpdate":true,"showSkybox":true,"showFlares":true,"showImageEffects":true,"showParticleSystems":true},"in2DMode":false,"pivot":{"x":9.936861991882325,"y":-8.787664413452149,"z":42.593482971191409},"rotation":{"x":-0.12454450130462647,"y":-0.09505728632211685,"z":0.011987132951617241,"w":-0.9875774383544922},"size":77.12547302246094,"orthographic":false}