{"cameraMode":{"drawMode":0,"name":"Shaded","section":"Shading Mode"},"sceneLighting":false,"audioPlay":false,"sceneViewState":{"showFog":true,"showMaterialUpdate":true,"showSkybox":true,"showFlares":true,"showImageEffects":true,"showParticleSystems":true},"in2DMode":false,"pivot":{"x":16.7987003326416,"y":-0.14886474609375,"z":33.852943420410159},"rotation":{"x":-0.22634683549404145,"y":-0.18196308612823487,"z":0.04308563843369484,"w":-0.9559289813041687},"size":103.03921508789063,"orthographic":false}