{"cameraMode":{"drawMode":0,"name":"Shaded","section":"Shading Mode"},"sceneLighting":true,"audioPlay":false,"sceneViewState":{"showFog":true,"showMaterialUpdate":true,"showSkybox":true,"showFlares":true,"showImageEffects":true,"showParticleSystems":true},"in2DMode":false,"pivot":{"x":-123.96356964111328,"y":5.322451591491699,"z":-39.08647918701172},"rotation":{"x":0.17120376229286195,"y":-0.6634671688079834,"z":0.1598467379808426,"w":0.7105980515480042},"size":8.474142074584961,"orthographic":false}