{"cameraMode":{"drawMode":0,"name":"Shaded","section":"Shading Mode"},"sceneLighting":false,"audioPlay":false,"sceneViewState":{"showFog":true,"showMaterialUpdate":true,"showSkybox":true,"showFlares":true,"showImageEffects":true,"showParticleSystems":true},"in2DMode":false,"pivot":{"x":-7.374546527862549,"y":-11.70483112335205,"z":27.170499801635743},"rotation":{"x":0.2150076925754547,"y":-0.14937055110931397,"z":0.033297039568424228,"w":0.9645472764968872},"size":45.63075637817383,"orthographic":false}