{"cameraMode":{"drawMode":0,"name":"Shaded","section":"Shading Mode"},"sceneLighting":false,"audioPlay":false,"sceneViewState":{"showFog":true,"showMaterialUpdate":true,"showSkybox":true,"showFlares":true,"showImageEffects":true,"showParticleSystems":true},"in2DMode":false,"pivot":{"x":0.0,"y":1.457668662071228,"z":-0.0007040500640869141},"rotation":{"x":-0.1428413838148117,"y":-0.47615236043930056,"z":0.07871005684137345,"w":-0.8641064763069153},"size":6.202507495880127,"orthographic":false}